id,title,category,path,format,width,height,source,note,sha256
assets/mockups/png/login.png,login,mockup,assets/mockups/png/login.png,png,1672,941,黑潮档案局登录界面.png,,a3f63d075e3b4f97af71aaceba0808af4d47b0c0107062c75d64a801a6a5bad4
assets/mockups/png/login.webp,login,mockup,assets/mockups/png/login.webp,webp,1672,941,黑潮档案局登录界面.png,,314d9e223ae055c295107a07cd125a51697125a0d0ceabfad0616b007e03cf97
assets/mockups/png/dashboard.png,dashboard,mockup,assets/mockups/png/dashboard.png,png,1672,941,黑潮档案局游戏管理界面.png,,1fd0a1a744f750d1b2b03d1918dd302af4cf3adf0be7d32bcaffa174026ad883
assets/mockups/png/dashboard.webp,dashboard,mockup,assets/mockups/png/dashboard.webp,webp,1672,941,黑潮档案局游戏管理界面.png,,12b29033dfb29b7f034eff2257395fa12a81386e3832f8472336e5972d512974
assets/mockups/png/operation_prepare.png,operation_prepare,mockup,assets/mockups/png/operation_prepare.png,png,1672,941,黑潮档案局任务准备界面.png,,e3aad2e6665134211e75cbae8c617fd8fb6bea19f5c9102e58c43befb5464a56
assets/mockups/png/operation_prepare.webp,operation_prepare,mockup,assets/mockups/png/operation_prepare.webp,webp,1672,941,黑潮档案局任务准备界面.png,,01d092a83c833fa3e75b0c7ec254192f1f5ee57fd9c5ef16d8e9c45db67ba5c7
assets/mockups/png/operation_event.png,operation_event,mockup,assets/mockups/png/operation_event.png,png,1672,941,黑潮档案局_异常回收任务.png,,7c78f2784813e157ae1831c75e6b8c534866ccb573d800c4f6a7e226e0259fcf
assets/mockups/png/operation_event.webp,operation_event,mockup,assets/mockups/png/operation_event.webp,webp,1672,941,黑潮档案局_异常回收任务.png,,fa82cad0e242d8584faee9e1b71648c5cf2aa80cda9f95e5b50197f27c773a46
assets/mockups/png/investigator_list.png,investigator_list,mockup,assets/mockups/png/investigator_list.png,png,1672,941,黑潮档案局调查员列表.png,,50206232a7bfca22e39bd6258ceccc056a1467b386fd80643dd854daa2fb54d2
assets/mockups/png/investigator_list.webp,investigator_list,mockup,assets/mockups/png/investigator_list.webp,webp,1672,941,黑潮档案局调查员列表.png,,eb97ae850b799f59998e98bbfa715173dd53983c1850d082e424d5365cf04f83
assets/mockups/png/investigator_advance.png,investigator_advance,mockup,assets/mockups/png/investigator_advance.png,png,1672,941,黑潮档案局调查员界面.png,,4414fb07ce4930042802d1c0ba8f55af1e57cc2d5d6325c6949af548d14d8197
assets/mockups/png/investigator_advance.webp,investigator_advance,mockup,assets/mockups/png/investigator_advance.webp,webp,1672,941,黑潮档案局调查员界面.png,,a49524be7d1a66d92643cbff8d6525a794c1d4b66122316d1a542eec9e2e8260
assets/mockups/png/anomaly_archive.png,anomaly_archive,mockup,assets/mockups/png/anomaly_archive.png,png,1672,941,黑潮档案局异常物图鉴.png,,5adbf479473ec9344ac5b696b7d2435f79b25fd437b458cfa9c47d6b0702d1c2
assets/mockups/png/anomaly_archive.webp,anomaly_archive,mockup,assets/mockups/png/anomaly_archive.webp,webp,1672,941,黑潮档案局异常物图鉴.png,,76182372dfd6fb82b4648d184c8f30904e55235db435a202091c7a449f67311f
assets/mockups/png/containment.png,containment,mockup,assets/mockups/png/containment.png,png,1672,941,黑潮档案局收容区管理界面.png,,25d725ebb4c33acdf180e26e9c29ccc6b785519385f5e524a043e08d6c0b24a4
assets/mockups/png/containment.webp,containment,mockup,assets/mockups/png/containment.webp,webp,1672,941,黑潮档案局收容区管理界面.png,,a85c00f8619ea794d61902a87ce4c099fb91797b253f4d7853e1d9b0c35a1ec7
assets/mockups/png/research_tree.png,research_tree,mockup,assets/mockups/png/research_tree.png,png,1672,941,黑潮档案局技术树界面.png,,7607869f9c51aa57f1789b470a3033824b0d95382b20ac2600321ad0294289bb
assets/mockups/png/research_tree.webp,research_tree,mockup,assets/mockups/png/research_tree.webp,webp,1672,941,黑潮档案局技术树界面.png,,9fe628e893a29a001ea24e5cd9bbadc290ce4cad7f77d9341018882935f051ee
assets/mockups/png/operation_report.png,operation_report,mockup,assets/mockups/png/operation_report.png,png,1672,941,黑潮档案局任务结算报告.png,,4da8e246fe651a327beae6045bea9a0a094deb16b4f854afbd1a459bdb760cb4
assets/mockups/png/operation_report.webp,operation_report,mockup,assets/mockups/png/operation_report.webp,webp,1672,941,黑潮档案局任务结算报告.png,,e3a1ba447d8cdd94b2521b44f33a391996edc20c32a45fdc37ece2fbd170fb02
assets/characters/cards/png/investigator_a_01_elene_hawk_spirit_scholar.png,elene_hawk_spirit_scholar,character_card,assets/characters/cards/png/investigator_a_01_elene_hawk_spirit_scholar.png,png,460,420,黑潮档案局_调查员图鉴.png,,1d68ce0e1b5056b64ab70764ec2895ad0f51b4276c7170c96c79852358e71867
assets/characters/cards/png/investigator_a_01_elene_hawk_spirit_scholar.webp,elene_hawk_spirit_scholar,character_card,assets/characters/cards/png/investigator_a_01_elene_hawk_spirit_scholar.webp,webp,460,420,黑潮档案局_调查员图鉴.png,,ec6eabd534e4b1dc8cc86c1dfc594d733893bdc6a66cc7c8f212861d95b34527
assets/characters/portraits/png/investigator_a_01_elene_hawk_spirit_scholar_art.png,elene_hawk_spirit_scholar art,character_card_art,assets/characters/portraits/png/investigator_a_01_elene_hawk_spirit_scholar_art.png,png,412,305,黑潮档案局_调查员图鉴.png,,ed02045b1c20dd75b48d8f3ed7cb57b8dfc1352de4abca6c5beebd67ffb2e82b
assets/characters/portraits/png/investigator_a_01_elene_hawk_spirit_scholar_art.webp,elene_hawk_spirit_scholar art,character_card_art,assets/characters/portraits/png/investigator_a_01_elene_hawk_spirit_scholar_art.webp,webp,412,305,黑潮档案局_调查员图鉴.png,,2db9fef5b1fa3876c36fc5396e380c1be4dbdf2aae2b49b48e18b0afbe8aa0ee
assets/characters/cards/png/investigator_a_02_lu_mingyuan_field_agent.png,lu_mingyuan_field_agent,character_card,assets/characters/cards/png/investigator_a_02_lu_mingyuan_field_agent.png,png,460,420,黑潮档案局_调查员图鉴.png,,ad539737c00867773640f9ad55425d8fc40725ec57157881ebe91f5e7fcce65f
assets/characters/cards/png/investigator_a_02_lu_mingyuan_field_agent.webp,lu_mingyuan_field_agent,character_card,assets/characters/cards/png/investigator_a_02_lu_mingyuan_field_agent.webp,webp,460,420,黑潮档案局_调查员图鉴.png,,518e6a983e029f7e546d45d4267e6b0d7ddff0dedd528780cd2e8358299a51c7
assets/characters/portraits/png/investigator_a_02_lu_mingyuan_field_agent_art.png,lu_mingyuan_field_agent art,character_card_art,assets/characters/portraits/png/investigator_a_02_lu_mingyuan_field_agent_art.png,png,412,305,黑潮档案局_调查员图鉴.png,,2a97f29089b6afc94e5a18e0377d65a359fac6171a490cd4a298f69679c7217e
assets/characters/portraits/png/investigator_a_02_lu_mingyuan_field_agent_art.webp,lu_mingyuan_field_agent art,character_card_art,assets/characters/portraits/png/investigator_a_02_lu_mingyuan_field_agent_art.webp,webp,412,305,黑潮档案局_调查员图鉴.png,,f51e09dcfe1033241d637c8cb5b0d53506e3910aaced2089514588b019809b1b
assets/characters/cards/png/investigator_a_03_raynold_medic.png,raynold_medic,character_card,assets/characters/cards/png/investigator_a_03_raynold_medic.png,png,460,420,黑潮档案局_调查员图鉴.png,,7a11b0ed1c1ed11d6af3f73974e1e0704237fb34a825cebfe57c9c8f9c17bcb0
assets/characters/cards/png/investigator_a_03_raynold_medic.webp,raynold_medic,character_card,assets/characters/cards/png/investigator_a_03_raynold_medic.webp,webp,460,420,黑潮档案局_调查员图鉴.png,,2360a69fa66abd17ae9c4a6bfbafd94c0c4e13d01a57d89b43dfcbaf18c54f54
assets/characters/portraits/png/investigator_a_03_raynold_medic_art.png,raynold_medic art,character_card_art,assets/characters/portraits/png/investigator_a_03_raynold_medic_art.png,png,412,305,黑潮档案局_调查员图鉴.png,,6e3f480cab6571a36d76f5946e04964cdc3fdb467a376824c9238b2d64eac25f
assets/characters/portraits/png/investigator_a_03_raynold_medic_art.webp,raynold_medic art,character_card_art,assets/characters/portraits/png/investigator_a_03_raynold_medic_art.webp,webp,412,305,黑潮档案局_调查员图鉴.png,,7297e1859e9978a74b3d517a1627356d9f5925ef5b9e9a5b714bde569c08eb47
assets/characters/cards/png/investigator_a_04_ilaya_infiltration_expert.png,ilaya_infiltration_expert,character_card,assets/characters/cards/png/investigator_a_04_ilaya_infiltration_expert.png,png,460,420,黑潮档案局_调查员图鉴.png,,2e4e2060498a9e569cbf778f063cd8bb7fe0d245fea29af77cb90603f7c7e119
assets/characters/cards/png/investigator_a_04_ilaya_infiltration_expert.webp,ilaya_infiltration_expert,character_card,assets/characters/cards/png/investigator_a_04_ilaya_infiltration_expert.webp,webp,460,420,黑潮档案局_调查员图鉴.png,,65b1fbba0f5671d27dd9dc4d292409df9a84bfb84e41d1c9d5f99c0a48a663f7
assets/characters/portraits/png/investigator_a_04_ilaya_infiltration_expert_art.png,ilaya_infiltration_expert art,character_card_art,assets/characters/portraits/png/investigator_a_04_ilaya_infiltration_expert_art.png,png,412,305,黑潮档案局_调查员图鉴.png,,5eefc0faeb48a00d635adb3d07c84436a6193bb4289319a86ba763f71dd46838
assets/characters/portraits/png/investigator_a_04_ilaya_infiltration_expert_art.webp,ilaya_infiltration_expert art,character_card_art,assets/characters/portraits/png/investigator_a_04_ilaya_infiltration_expert_art.webp,webp,412,305,黑潮档案局_调查员图鉴.png,,ed7d6bd9d162bf46d6d4997311e215dbf892b7db2e5dbf103d356bef1ecdbffe
assets/characters/cards/png/investigator_a_05_kamier_ritualist.png,kamier_ritualist,character_card,assets/characters/cards/png/investigator_a_05_kamier_ritualist.png,png,460,420,黑潮档案局_调查员图鉴.png,,354ee16e9a99c407df3b11995e1c81b523ec56e20819377005498025eac01def
assets/characters/cards/png/investigator_a_05_kamier_ritualist.webp,kamier_ritualist,character_card,assets/characters/cards/png/investigator_a_05_kamier_ritualist.webp,webp,460,420,黑潮档案局_调查员图鉴.png,,b30577c02d40601c2197075221a95e1d377ea6084b83ccd0118d5fcb72572260
assets/characters/portraits/png/investigator_a_05_kamier_ritualist_art.png,kamier_ritualist art,character_card_art,assets/characters/portraits/png/investigator_a_05_kamier_ritualist_art.png,png,412,305,黑潮档案局_调查员图鉴.png,,c59f0eaee220d4ebc0650a462c1df2ac51a4345815d163fc3c4a4a054ade0563
assets/characters/portraits/png/investigator_a_05_kamier_ritualist_art.webp,kamier_ritualist art,character_card_art,assets/characters/portraits/png/investigator_a_05_kamier_ritualist_art.webp,webp,412,305,黑潮档案局_调查员图鉴.png,,1db8514324d321810cc3ba32484755295e1d1ae3c2ec74a4653e5b380b3723ff
assets/characters/cards/png/investigator_a_06_sunier_engineer.png,sunier_engineer,character_card,assets/characters/cards/png/investigator_a_06_sunier_engineer.png,png,460,420,黑潮档案局_调查员图鉴.png,,954ed1c570baf7fce9d79acece2308dd668261387529efeefe0ddfc53594f0e3
assets/characters/cards/png/investigator_a_06_sunier_engineer.webp,sunier_engineer,character_card,assets/characters/cards/png/investigator_a_06_sunier_engineer.webp,webp,460,420,黑潮档案局_调查员图鉴.png,,4b3d2f6a14cf44f1612bb1a5d9eb4edcb0c5210be8b7040e9f3b88d38647725b
assets/characters/portraits/png/investigator_a_06_sunier_engineer_art.png,sunier_engineer art,character_card_art,assets/characters/portraits/png/investigator_a_06_sunier_engineer_art.png,png,412,305,黑潮档案局_调查员图鉴.png,,0b61c0e8bb2c725d7814221f673dc091b9f717318c79351233789a21e434f325
assets/characters/portraits/png/investigator_a_06_sunier_engineer_art.webp,sunier_engineer art,character_card_art,assets/characters/portraits/png/investigator_a_06_sunier_engineer_art.webp,webp,412,305,黑潮档案局_调查员图鉴.png,,3f7b97d4bdbb772adaf2cc626250d911eae8bcd1c48722745d214a700afecf15
assets/characters/cards/png/investigator_b_01_tired_archivist.png,tired_archivist,character_card,assets/characters/cards/png/investigator_b_01_tired_archivist.png,png,540,380,黑潮档案局角色立绘卡片.png,,5c3f34105d31c9ed9fb2b0e4feb469509078e9810682cf39945ed283dcd96738
assets/characters/cards/png/investigator_b_01_tired_archivist.webp,tired_archivist,character_card,assets/characters/cards/png/investigator_b_01_tired_archivist.webp,webp,540,380,黑潮档案局角色立绘卡片.png,,b10b18716b75c767f60ee9bdf289448bf9aba3c566dc16b59060d0a7fc5421a6
assets/characters/portraits/png/investigator_b_01_tired_archivist_art.png,tired_archivist art,character_card_art,assets/characters/portraits/png/investigator_b_01_tired_archivist_art.png,png,345,335,黑潮档案局角色立绘卡片.png,,1c498c803ce75bfb69894d794278875ed6e1b10e554acd50ef9c7c3d86355242
assets/characters/portraits/png/investigator_b_01_tired_archivist_art.webp,tired_archivist art,character_card_art,assets/characters/portraits/png/investigator_b_01_tired_archivist_art.webp,webp,345,335,黑潮档案局角色立绘卡片.png,,79e60d2378e80a0f40d2321c5a9a65b49fd31b4c57100b2936ffce81ac9ba734
assets/characters/cards/png/investigator_b_02_elegant_operator.png,elegant_operator,character_card,assets/characters/cards/png/investigator_b_02_elegant_operator.png,png,540,380,黑潮档案局角色立绘卡片.png,,fafcd94cbeb48cfebd316d2f0c6e73112fdaf3a7cbad6e8219c05d46371ae43d
assets/characters/cards/png/investigator_b_02_elegant_operator.webp,elegant_operator,character_card,assets/characters/cards/png/investigator_b_02_elegant_operator.webp,webp,540,380,黑潮档案局角色立绘卡片.png,,c827359304090beb9aa27a15bfabd9a55e5cb8d3fc1d73a73cfe5a7b8fa48fda
assets/characters/portraits/png/investigator_b_02_elegant_operator_art.png,elegant_operator art,character_card_art,assets/characters/portraits/png/investigator_b_02_elegant_operator_art.png,png,345,335,黑潮档案局角色立绘卡片.png,,51a9b022c9d31c534d5b59dafe125d4a7a329c6264780c26058a2d500d2cc0f1
assets/characters/portraits/png/investigator_b_02_elegant_operator_art.webp,elegant_operator art,character_card_art,assets/characters/portraits/png/investigator_b_02_elegant_operator_art.webp,webp,345,335,黑潮档案局角色立绘卡片.png,,d4eba21ce9e83eaf36aa3635ae169b24a81bac117e9d6354af9a53328cc63747
assets/characters/cards/png/investigator_b_03_young_researcher.png,young_researcher,character_card,assets/characters/cards/png/investigator_b_03_young_researcher.png,png,540,380,黑潮档案局角色立绘卡片.png,,f5150f706ff82593d644985c57a261a018bcc3a01741ca51cfad8cbf44ad25be
assets/characters/cards/png/investigator_b_03_young_researcher.webp,young_researcher,character_card,assets/characters/cards/png/investigator_b_03_young_researcher.webp,webp,540,380,黑潮档案局角色立绘卡片.png,,a845630e3b706512081f108ade8d1d24bcce1bb8fbcb889bf7fd2d452f285744
assets/characters/portraits/png/investigator_b_03_young_researcher_art.png,young_researcher art,character_card_art,assets/characters/portraits/png/investigator_b_03_young_researcher_art.png,png,345,335,黑潮档案局角色立绘卡片.png,,193f72b091df59499ca9bcbe6190eac7b3b0430fb4326473ca4be43976741256
assets/characters/portraits/png/investigator_b_03_young_researcher_art.webp,young_researcher art,character_card_art,assets/characters/portraits/png/investigator_b_03_young_researcher_art.webp,webp,345,335,黑潮档案局角色立绘卡片.png,,5502d1c2f6369edaa7fe147098bc583cc5ccb373872dcb6669a855261152d417
assets/characters/cards/png/investigator_b_04_deep_sea_diver.png,deep_sea_diver,character_card,assets/characters/cards/png/investigator_b_04_deep_sea_diver.png,png,540,380,黑潮档案局角色立绘卡片.png,,7edeef24b09d59ee70cefce0d2f196d1af25716bdab3456a3e9f0c5dc6cfb0ec
assets/characters/cards/png/investigator_b_04_deep_sea_diver.webp,deep_sea_diver,character_card,assets/characters/cards/png/investigator_b_04_deep_sea_diver.webp,webp,540,380,黑潮档案局角色立绘卡片.png,,39d65e31aabe9a55d4c27307fbce007aa1bc6cee8520ad2c13a6e2b8d72ae8d1
assets/characters/portraits/png/investigator_b_04_deep_sea_diver_art.png,deep_sea_diver art,character_card_art,assets/characters/portraits/png/investigator_b_04_deep_sea_diver_art.png,png,345,335,黑潮档案局角色立绘卡片.png,,941b4ee53369fe1285099ecfddecfb26e859547490c9c118091009151a8ab897
assets/characters/portraits/png/investigator_b_04_deep_sea_diver_art.webp,deep_sea_diver art,character_card_art,assets/characters/portraits/png/investigator_b_04_deep_sea_diver_art.webp,webp,345,335,黑潮档案局角色立绘卡片.png,,271a02a0333c0c1bb11e27419571108e1f34c3ca6226065412dd5c563a547e0d
assets/characters/cards/png/investigator_b_05_exorcist.png,exorcist,character_card,assets/characters/cards/png/investigator_b_05_exorcist.png,png,540,380,黑潮档案局角色立绘卡片.png,,807fa705c8da44374f6fa45cc317c3d392321c9604fb776ab5700eca06e906a8
assets/characters/cards/png/investigator_b_05_exorcist.webp,exorcist,character_card,assets/characters/cards/png/investigator_b_05_exorcist.webp,webp,540,380,黑潮档案局角色立绘卡片.png,,63a65c7bb1ea643f38412f5f260ceda04cbaa933535aa93287bd833bdf995487
assets/characters/portraits/png/investigator_b_05_exorcist_art.png,exorcist art,character_card_art,assets/characters/portraits/png/investigator_b_05_exorcist_art.png,png,345,335,黑潮档案局角色立绘卡片.png,,eb1195e16aa8d03b1baf4e672ebbd0d04d9afcc7c7bc99ecf10c20b17d1b8cd7
assets/characters/portraits/png/investigator_b_05_exorcist_art.webp,exorcist art,character_card_art,assets/characters/portraits/png/investigator_b_05_exorcist_art.webp,webp,345,335,黑潮档案局角色立绘卡片.png,,2189a421c46b8704474f8f76ee31dc57396c856ac3bc4f78cdc58693e1dce8cb
assets/characters/cards/png/investigator_b_06_veteran_officer.png,veteran_officer,character_card,assets/characters/cards/png/investigator_b_06_veteran_officer.png,png,540,380,黑潮档案局角色立绘卡片.png,,0e04ab9f4db478fb7f726a3f20b055b65898c802102ca7f6100861f562845902
assets/characters/cards/png/investigator_b_06_veteran_officer.webp,veteran_officer,character_card,assets/characters/cards/png/investigator_b_06_veteran_officer.webp,webp,540,380,黑潮档案局角色立绘卡片.png,,bc80891050a19d2805ced877cbba9409133ca709dddf4777aad1d04d46018c93
assets/characters/portraits/png/investigator_b_06_veteran_officer_art.png,veteran_officer art,character_card_art,assets/characters/portraits/png/investigator_b_06_veteran_officer_art.png,png,345,335,黑潮档案局角色立绘卡片.png,,94d8d1e735ccab8a1c2b1d94db431561194efe5773df30a3463ceb5378afa6fb
assets/characters/portraits/png/investigator_b_06_veteran_officer_art.webp,veteran_officer art,character_card_art,assets/characters/portraits/png/investigator_b_06_veteran_officer_art.webp,webp,345,335,黑潮档案局角色立绘卡片.png,,7d4aa9b122068f76a02f11d0f354d37e8aae63ceca2cc284ea8c40c56282550b
assets/anomalies/cards/png/anomaly_a_01_whispering_lighthouse.png,whispering_lighthouse,anomaly_card,assets/anomalies/cards/png/anomaly_a_01_whispering_lighthouse.png,png,378,420,异物集_诡异藏品卡牌.png,,c6d4b7445055eebd98f89aa144d7f775204c5595a0013b986143c987638ab7ae
assets/anomalies/cards/png/anomaly_a_01_whispering_lighthouse.webp,whispering_lighthouse,anomaly_card,assets/anomalies/cards/png/anomaly_a_01_whispering_lighthouse.webp,webp,378,420,异物集_诡异藏品卡牌.png,,0723dcb878e455d43f9ef0649d9828eb80a5a142aa2feb9c585f9da6b8e1d8d4
assets/anomalies/art/png/anomaly_a_01_whispering_lighthouse_art.png,whispering_lighthouse art,anomaly_card_art,assets/anomalies/art/png/anomaly_a_01_whispering_lighthouse_art.png,png,330,259,异物集_诡异藏品卡牌.png,,abadaa9a42131e901262392aac36266f896afe1abe8d9c63dd62f6ad5ab32913
assets/anomalies/art/png/anomaly_a_01_whispering_lighthouse_art.webp,whispering_lighthouse art,anomaly_card_art,assets/anomalies/art/png/anomaly_a_01_whispering_lighthouse_art.webp,webp,330,259,异物集_诡异藏品卡牌.png,,157006c28a2eb1514d29a82e1208c21bf29ed36fb1e145580f0e997251b990e9
assets/anomalies/cards/png/anomaly_a_02_walking_pocket_watch.png,walking_pocket_watch,anomaly_card,assets/anomalies/cards/png/anomaly_a_02_walking_pocket_watch.png,png,378,420,异物集_诡异藏品卡牌.png,,f368330d9a193d5fe710a8797d61b1ad6e51739ac3efa1466aac83641cccfd0c
assets/anomalies/cards/png/anomaly_a_02_walking_pocket_watch.webp,walking_pocket_watch,anomaly_card,assets/anomalies/cards/png/anomaly_a_02_walking_pocket_watch.webp,webp,378,420,异物集_诡异藏品卡牌.png,,ec0703efcb78674d7bf874365df8b2c56b039d405c3f7552843d2a12b8a61a46
assets/anomalies/art/png/anomaly_a_02_walking_pocket_watch_art.png,walking_pocket_watch art,anomaly_card_art,assets/anomalies/art/png/anomaly_a_02_walking_pocket_watch_art.png,png,330,259,异物集_诡异藏品卡牌.png,,173212a3879bb08b23347fb3347846b11c8cd9dda3151236f9a81587d566dcf4
assets/anomalies/art/png/anomaly_a_02_walking_pocket_watch_art.webp,walking_pocket_watch art,anomaly_card_art,assets/anomalies/art/png/anomaly_a_02_walking_pocket_watch_art.webp,webp,330,259,异物集_诡异藏品卡牌.png,,77234ced0ded8f0eb100a18ce1fbfe166b85296221d03a3bce26e7ab45fb8641
assets/anomalies/cards/png/anomaly_a_03_faceless_worshipper_statue.png,faceless_worshipper_statue,anomaly_card,assets/anomalies/cards/png/anomaly_a_03_faceless_worshipper_statue.png,png,378,420,异物集_诡异藏品卡牌.png,,d5e0aeb25cdf0e97a76114291122316ceb1d1c692c5732c219cb901c0650a6b1
assets/anomalies/cards/png/anomaly_a_03_faceless_worshipper_statue.webp,faceless_worshipper_statue,anomaly_card,assets/anomalies/cards/png/anomaly_a_03_faceless_worshipper_statue.webp,webp,378,420,异物集_诡异藏品卡牌.png,,e74b1213ce3deb060a50738101e6bb2e0abb649b61c3f365c9b019514898d3ee
assets/anomalies/art/png/anomaly_a_03_faceless_worshipper_statue_art.png,faceless_worshipper_statue art,anomaly_card_art,assets/anomalies/art/png/anomaly_a_03_faceless_worshipper_statue_art.png,png,330,259,异物集_诡异藏品卡牌.png,,f38690de1fa9d5e8df21cff4f1230388962c28d319cf8c2617424cd7b5451505
assets/anomalies/art/png/anomaly_a_03_faceless_worshipper_statue_art.webp,faceless_worshipper_statue art,anomaly_card_art,assets/anomalies/art/png/anomaly_a_03_faceless_worshipper_statue_art.webp,webp,330,259,异物集_诡异藏品卡牌.png,,cd655aabd57d268528655b837c3534c89710cfed4cfbbc32631b7b7d8e851abf
assets/anomalies/cards/png/anomaly_a_04_unclosed_black_iron_door.png,unclosed_black_iron_door,anomaly_card,assets/anomalies/cards/png/anomaly_a_04_unclosed_black_iron_door.png,png,378,420,异物集_诡异藏品卡牌.png,,c6d15b16b9659ad30014dc22757b5d5baf4ef716b77d22eedc0f7cf0bebd3a55
assets/anomalies/cards/png/anomaly_a_04_unclosed_black_iron_door.webp,unclosed_black_iron_door,anomaly_card,assets/anomalies/cards/png/anomaly_a_04_unclosed_black_iron_door.webp,webp,378,420,异物集_诡异藏品卡牌.png,,5e9b4d32f7d41868ed8b00fc9144ec99532795d0fff0d737e56be9b1972f49da
assets/anomalies/art/png/anomaly_a_04_unclosed_black_iron_door_art.png,unclosed_black_iron_door art,anomaly_card_art,assets/anomalies/art/png/anomaly_a_04_unclosed_black_iron_door_art.png,png,330,259,异物集_诡异藏品卡牌.png,,c69847cca39ee32a1eddd200ca8d681ac892902da38dcd4eb248fb1d4ba4d8f6
assets/anomalies/art/png/anomaly_a_04_unclosed_black_iron_door_art.webp,unclosed_black_iron_door art,anomaly_card_art,assets/anomalies/art/png/anomaly_a_04_unclosed_black_iron_door_art.webp,webp,330,259,异物集_诡异藏品卡牌.png,,f0863449f4fada8c32662821ed958cd383d8d939692d0508b8b98d1d31a9a9d2
assets/anomalies/cards/png/anomaly_a_05_mirror_of_dreams.png,mirror_of_dreams,anomaly_card,assets/anomalies/cards/png/anomaly_a_05_mirror_of_dreams.png,png,378,420,异物集_诡异藏品卡牌.png,,6036fb2563faca201c974ac1b67d6750d609d555d5b247d739d8f8a28a92af80
assets/anomalies/cards/png/anomaly_a_05_mirror_of_dreams.webp,mirror_of_dreams,anomaly_card,assets/anomalies/cards/png/anomaly_a_05_mirror_of_dreams.webp,webp,378,420,异物集_诡异藏品卡牌.png,,ddcce62f66af80e87a1d75f249e46b39a156e8e1622093886d8eb673cb5f2b1d
assets/anomalies/art/png/anomaly_a_05_mirror_of_dreams_art.png,mirror_of_dreams art,anomaly_card_art,assets/anomalies/art/png/anomaly_a_05_mirror_of_dreams_art.png,png,330,259,异物集_诡异藏品卡牌.png,,694f013733636302ecae504b407c9b602d6df037cd10bdad8c058302eae8fb3c
assets/anomalies/art/png/anomaly_a_05_mirror_of_dreams_art.webp,mirror_of_dreams art,anomaly_card_art,assets/anomalies/art/png/anomaly_a_05_mirror_of_dreams_art.webp,webp,330,259,异物集_诡异藏品卡牌.png,,e46835d262a0585bfcf066f2b0dba0173f716a21301024f558aeb9379b087a7a
assets/anomalies/cards/png/anomaly_a_06_damp_radio.png,damp_radio,anomaly_card,assets/anomalies/cards/png/anomaly_a_06_damp_radio.png,png,378,420,异物集_诡异藏品卡牌.png,,0ebf34739f6f6d5c8297e180e36695de74c87b8ab2403cb9c748147364421a6c
assets/anomalies/cards/png/anomaly_a_06_damp_radio.webp,damp_radio,anomaly_card,assets/anomalies/cards/png/anomaly_a_06_damp_radio.webp,webp,378,420,异物集_诡异藏品卡牌.png,,aab9d5555aaa0196abb73cb8bffb80a86d7f503148934194a8d25def28f3847b
assets/anomalies/art/png/anomaly_a_06_damp_radio_art.png,damp_radio art,anomaly_card_art,assets/anomalies/art/png/anomaly_a_06_damp_radio_art.png,png,330,259,异物集_诡异藏品卡牌.png,,66bde094d96b45af2e619ecc8bd0f48d1c4b37a70f23dfd19b0e200bb80643aa
assets/anomalies/art/png/anomaly_a_06_damp_radio_art.webp,damp_radio art,anomaly_card_art,assets/anomalies/art/png/anomaly_a_06_damp_radio_art.webp,webp,330,259,异物集_诡异藏品卡牌.png,,e1d8cbd646b5956e66ffba617a7035fc2f907e18e0bcb6ac12e733d49507b051
assets/anomalies/cards/png/anomaly_a_07_deep_eye_relic.png,deep_eye_relic,anomaly_card,assets/anomalies/cards/png/anomaly_a_07_deep_eye_relic.png,png,378,420,异物集_诡异藏品卡牌.png,,21f943ee6fa34733fefcc2cc760c053c1d0191ffbcd1cddd9cae78255fc0cba8
assets/anomalies/cards/png/anomaly_a_07_deep_eye_relic.webp,deep_eye_relic,anomaly_card,assets/anomalies/cards/png/anomaly_a_07_deep_eye_relic.webp,webp,378,420,异物集_诡异藏品卡牌.png,,1aff1ae1b5e0663507edf55df9397f2be5f74b1493d441d5fa04b1218216f921
assets/anomalies/art/png/anomaly_a_07_deep_eye_relic_art.png,deep_eye_relic art,anomaly_card_art,assets/anomalies/art/png/anomaly_a_07_deep_eye_relic_art.png,png,330,259,异物集_诡异藏品卡牌.png,,d9fcae00dd746e91134a563548548e3a04c4d6b0bf108e4158b6141e9d928278
assets/anomalies/art/png/anomaly_a_07_deep_eye_relic_art.webp,deep_eye_relic art,anomaly_card_art,assets/anomalies/art/png/anomaly_a_07_deep_eye_relic_art.webp,webp,330,259,异物集_诡异藏品卡牌.png,,0577f1e53947ce500912d5cd0b56aa1366d52eb162278914bb887c51aec93ea1
assets/anomalies/cards/png/anomaly_a_08_blood_ink_manuscript.png,blood_ink_manuscript,anomaly_card,assets/anomalies/cards/png/anomaly_a_08_blood_ink_manuscript.png,png,378,420,异物集_诡异藏品卡牌.png,,52d97fe46096e46c57dc4c7e21f23eacefa4563cbfede58400e0b6446061c904
assets/anomalies/cards/png/anomaly_a_08_blood_ink_manuscript.webp,blood_ink_manuscript,anomaly_card,assets/anomalies/cards/png/anomaly_a_08_blood_ink_manuscript.webp,webp,378,420,异物集_诡异藏品卡牌.png,,75cb7d33c575f880a5aacc4fe32e3180e8a91d1ad3ea7d79d6c074388bc3f3f4
assets/anomalies/art/png/anomaly_a_08_blood_ink_manuscript_art.png,blood_ink_manuscript art,anomaly_card_art,assets/anomalies/art/png/anomaly_a_08_blood_ink_manuscript_art.png,png,330,259,异物集_诡异藏品卡牌.png,,e7eb9f7ab22eabc8b712568e97f425683cc8037a9177c4d7385a7826596d9294
assets/anomalies/art/png/anomaly_a_08_blood_ink_manuscript_art.webp,blood_ink_manuscript art,anomaly_card_art,assets/anomalies/art/png/anomaly_a_08_blood_ink_manuscript_art.webp,webp,330,259,异物集_诡异藏品卡牌.png,,14e78065e95f337e1da7ac44c6ad31f57361f875361e857fe38e8c46c7edd82b
assets/anomalies/cards/png/anomaly_b_01_ritual_lantern.png,ritual_lantern,anomaly_card,assets/anomalies/cards/png/anomaly_b_01_ritual_lantern.png,png,378,420,黑潮档案局卡片集.png,,dbbb052e591ece2eff504876943e07922748933b3925e46b6e8836c49026fe14
assets/anomalies/cards/png/anomaly_b_01_ritual_lantern.webp,ritual_lantern,anomaly_card,assets/anomalies/cards/png/anomaly_b_01_ritual_lantern.webp,webp,378,420,黑潮档案局卡片集.png,,a5ea3517ac6f10047b04332d65dc4639e22d0c5cd7e12a0c33615adbde9c5061
assets/anomalies/art/png/anomaly_b_01_ritual_lantern_art.png,ritual_lantern art,anomaly_card_art,assets/anomalies/art/png/anomaly_b_01_ritual_lantern_art.png,png,330,259,黑潮档案局卡片集.png,,f90e83f14916a62e7641ee6f09c29d8c6f1f4d54006120ea2b0008aca42a3011
assets/anomalies/art/png/anomaly_b_01_ritual_lantern_art.webp,ritual_lantern art,anomaly_card_art,assets/anomalies/art/png/anomaly_b_01_ritual_lantern_art.webp,webp,330,259,黑潮档案局卡片集.png,,85f13377aa58245e27b592cf316cf70b87eb8de2e06ed0739ffbf5b2b52bcacf
assets/anomalies/cards/png/anomaly_b_02_flooded_chapel_bell.png,flooded_chapel_bell,anomaly_card,assets/anomalies/cards/png/anomaly_b_02_flooded_chapel_bell.png,png,378,420,黑潮档案局卡片集.png,,115f8dc6ae626463c56be53853c514c77399c57a528a4b4899899c12aad6fc34
assets/anomalies/cards/png/anomaly_b_02_flooded_chapel_bell.webp,flooded_chapel_bell,anomaly_card,assets/anomalies/cards/png/anomaly_b_02_flooded_chapel_bell.webp,webp,378,420,黑潮档案局卡片集.png,,519c1212933b471ce566841ab7ee6bdffbf19e17529f88ebfb16bbdf92619771
assets/anomalies/art/png/anomaly_b_02_flooded_chapel_bell_art.png,flooded_chapel_bell art,anomaly_card_art,assets/anomalies/art/png/anomaly_b_02_flooded_chapel_bell_art.png,png,330,259,黑潮档案局卡片集.png,,a295f3c47719fca550b0f699a3f5a4886955aa221a8455327d33a9c5410c7b0b
assets/anomalies/art/png/anomaly_b_02_flooded_chapel_bell_art.webp,flooded_chapel_bell art,anomaly_card_art,assets/anomalies/art/png/anomaly_b_02_flooded_chapel_bell_art.webp,webp,330,259,黑潮档案局卡片集.png,,ae1811b1e79ea94c30f821681919230cc403be977aace3166402de2825caf449
assets/anomalies/cards/png/anomaly_b_03_fossilized_heart.png,fossilized_heart,anomaly_card,assets/anomalies/cards/png/anomaly_b_03_fossilized_heart.png,png,378,420,黑潮档案局卡片集.png,,6c4b9924939df51628a8f71cc321e56432c53c833276b60dd7716dc8e8eb1579
assets/anomalies/cards/png/anomaly_b_03_fossilized_heart.webp,fossilized_heart,anomaly_card,assets/anomalies/cards/png/anomaly_b_03_fossilized_heart.webp,webp,378,420,黑潮档案局卡片集.png,,f1976a9cd11a3fce711c4a28e7bb31c9149e62aa581d909d4bf6ca3adad284f9
assets/anomalies/art/png/anomaly_b_03_fossilized_heart_art.png,fossilized_heart art,anomaly_card_art,assets/anomalies/art/png/anomaly_b_03_fossilized_heart_art.png,png,330,259,黑潮档案局卡片集.png,,47cf09f3d92e16993c74dba175a86450f594c1f192a746c5acbde0349a678491
assets/anomalies/art/png/anomaly_b_03_fossilized_heart_art.webp,fossilized_heart art,anomaly_card_art,assets/anomalies/art/png/anomaly_b_03_fossilized_heart_art.webp,webp,330,259,黑潮档案局卡片集.png,,fcb4d78d1fce65f4efc51ca91b562fc5d6900b6cb75365187043530964dbe10a
assets/anomalies/cards/png/anomaly_b_04_key_of_returning_corridor.png,key_of_returning_corridor,anomaly_card,assets/anomalies/cards/png/anomaly_b_04_key_of_returning_corridor.png,png,378,420,黑潮档案局卡片集.png,,33261c403bc999ac23d533f5db74f4b4a239893d535c10004c26fe2ca1414237
assets/anomalies/cards/png/anomaly_b_04_key_of_returning_corridor.webp,key_of_returning_corridor,anomaly_card,assets/anomalies/cards/png/anomaly_b_04_key_of_returning_corridor.webp,webp,378,420,黑潮档案局卡片集.png,,468fe5f53c1e85e2ab16ea59a533b174d41b83a1b59b733cdf306267abd49551
assets/anomalies/art/png/anomaly_b_04_key_of_returning_corridor_art.png,key_of_returning_corridor art,anomaly_card_art,assets/anomalies/art/png/anomaly_b_04_key_of_returning_corridor_art.png,png,330,259,黑潮档案局卡片集.png,,ce4d6757e6f2fe8a52d183c4ca2237d608e126fb8eaeae538b4d078240299a13
assets/anomalies/art/png/anomaly_b_04_key_of_returning_corridor_art.webp,key_of_returning_corridor art,anomaly_card_art,assets/anomalies/art/png/anomaly_b_04_key_of_returning_corridor_art.webp,webp,330,259,黑潮档案局卡片集.png,,fbd9e9be5c308f7a84234f8e6a613441974687dc5fe04da7c852ad76fb69f3c8
assets/anomalies/cards/png/anomaly_b_05_stitched_knowledge_mask.png,stitched_knowledge_mask,anomaly_card,assets/anomalies/cards/png/anomaly_b_05_stitched_knowledge_mask.png,png,378,420,黑潮档案局卡片集.png,,d7d8c839a0f44e89e30e5d21de508ff5300648290cadfdbc1b9638f837939ece
assets/anomalies/cards/png/anomaly_b_05_stitched_knowledge_mask.webp,stitched_knowledge_mask,anomaly_card,assets/anomalies/cards/png/anomaly_b_05_stitched_knowledge_mask.webp,webp,378,420,黑潮档案局卡片集.png,,1451c6f52f39933490bc263244d515eba78309e8636511f5b4e831633a9f2203
assets/anomalies/art/png/anomaly_b_05_stitched_knowledge_mask_art.png,stitched_knowledge_mask art,anomaly_card_art,assets/anomalies/art/png/anomaly_b_05_stitched_knowledge_mask_art.png,png,330,259,黑潮档案局卡片集.png,,f3e29a0a7f011a0f4eef8bfa548eead77b4802264efc285720614ecd63562f9c
assets/anomalies/art/png/anomaly_b_05_stitched_knowledge_mask_art.webp,stitched_knowledge_mask art,anomaly_card_art,assets/anomalies/art/png/anomaly_b_05_stitched_knowledge_mask_art.webp,webp,330,259,黑潮档案局卡片集.png,,ac5516ce1e2f206a52f2e5d93f7b73f5fc56152093c3f62e4ff8da82bf3f6921
assets/anomalies/cards/png/anomaly_b_06_sunken_dream_conch.png,sunken_dream_conch,anomaly_card,assets/anomalies/cards/png/anomaly_b_06_sunken_dream_conch.png,png,378,420,黑潮档案局卡片集.png,,be72a38804443c6b0ee1507fb7f2012d1e5e9c402ec835882d033f0600a48687
assets/anomalies/cards/png/anomaly_b_06_sunken_dream_conch.webp,sunken_dream_conch,anomaly_card,assets/anomalies/cards/png/anomaly_b_06_sunken_dream_conch.webp,webp,378,420,黑潮档案局卡片集.png,,e99a9a3f309b66ee1f3c1878962943de9e9bdf2f975b831095f8cc8c76749c12
assets/anomalies/art/png/anomaly_b_06_sunken_dream_conch_art.png,sunken_dream_conch art,anomaly_card_art,assets/anomalies/art/png/anomaly_b_06_sunken_dream_conch_art.png,png,330,259,黑潮档案局卡片集.png,,8aec754046ac16f17bab6db3e4104a5716c5c24fd02f5e6020a600eefd80d209
assets/anomalies/art/png/anomaly_b_06_sunken_dream_conch_art.webp,sunken_dream_conch art,anomaly_card_art,assets/anomalies/art/png/anomaly_b_06_sunken_dream_conch_art.webp,webp,330,259,黑潮档案局卡片集.png,,5ebb2492db7349ae496d36e4b1936b8e9721fa04065fe3e534265034230ee8b5
assets/anomalies/cards/png/anomaly_b_07_sealed_humanoid_specimen.png,sealed_humanoid_specimen,anomaly_card,assets/anomalies/cards/png/anomaly_b_07_sealed_humanoid_specimen.png,png,378,420,黑潮档案局卡片集.png,,6a9ff0e51f548644a83c2f2b77ea3995719e9430fcf3a09b0f9e186eacceea99
assets/anomalies/cards/png/anomaly_b_07_sealed_humanoid_specimen.webp,sealed_humanoid_specimen,anomaly_card,assets/anomalies/cards/png/anomaly_b_07_sealed_humanoid_specimen.webp,webp,378,420,黑潮档案局卡片集.png,,e385a7cd742ce3f46c999b4c00c97ab7d1ffa90bdb313fdea80172b0f18f5671
assets/anomalies/art/png/anomaly_b_07_sealed_humanoid_specimen_art.png,sealed_humanoid_specimen art,anomaly_card_art,assets/anomalies/art/png/anomaly_b_07_sealed_humanoid_specimen_art.png,png,330,259,黑潮档案局卡片集.png,,6f4cd4dc692275f89c3767cda37fc496ec0cbf06fb93be9939148732e8b52554
assets/anomalies/art/png/anomaly_b_07_sealed_humanoid_specimen_art.webp,sealed_humanoid_specimen art,anomaly_card_art,assets/anomalies/art/png/anomaly_b_07_sealed_humanoid_specimen_art.webp,webp,330,259,黑潮档案局卡片集.png,,8596525a4d613ab86efe5ff383a388d92c6bb172512ae2adf796d94077017ec2
assets/anomalies/cards/png/anomaly_b_08_abyss_compass.png,abyss_compass,anomaly_card,assets/anomalies/cards/png/anomaly_b_08_abyss_compass.png,png,378,420,黑潮档案局卡片集.png,,6ced0da38fea4f7116c3877787e62d7a1c4ffdc77ef38a1bbb0147c4267b633b
assets/anomalies/cards/png/anomaly_b_08_abyss_compass.webp,abyss_compass,anomaly_card,assets/anomalies/cards/png/anomaly_b_08_abyss_compass.webp,webp,378,420,黑潮档案局卡片集.png,,5f621062c922f738f4ed2080519140f60372b1399b1dd21349d5a1de13897d0e
assets/anomalies/art/png/anomaly_b_08_abyss_compass_art.png,abyss_compass art,anomaly_card_art,assets/anomalies/art/png/anomaly_b_08_abyss_compass_art.png,png,330,259,黑潮档案局卡片集.png,,8efb4ec81ecafdf1174e3e0b59f6c1ac34446b6070b78db775ad1d53bb98d21d
assets/anomalies/art/png/anomaly_b_08_abyss_compass_art.webp,abyss_compass art,anomaly_card_art,assets/anomalies/art/png/anomaly_b_08_abyss_compass_art.webp,webp,330,259,黑潮档案局卡片集.png,,2e7f037c68c90b62a3e6423bae5dbf54e39f579db1d878d587256bcf4f7e8401
assets/environments/wide/png/env_01_mist_lighthouse_port.png,mist_lighthouse_port,environment_background,assets/environments/wide/png/env_01_mist_lighthouse_port.png,png,532,360,黑潮档案局环境场景图集.png,,be413f7d7ae11e0e9670c14d062fa904e7711dc5a9bc4a1dae887fca21f0f526
assets/environments/wide/png/env_01_mist_lighthouse_port.webp,mist_lighthouse_port,environment_background,assets/environments/wide/png/env_01_mist_lighthouse_port.webp,webp,532,360,黑潮档案局环境场景图集.png,,15c1e82994d610b1a2a26e9fb5555fdd83b6a24299db3cbb77c3aed8c8135e65
assets/environments/wide/png/env_02_archive_main_hall.png,archive_main_hall,environment_background,assets/environments/wide/png/env_02_archive_main_hall.png,png,532,360,黑潮档案局环境场景图集.png,,af1cd6a1c8391279a87aae2f200098ea36020c5b5efc722097561a7f90d91f90
assets/environments/wide/png/env_02_archive_main_hall.webp,archive_main_hall,environment_background,assets/environments/wide/png/env_02_archive_main_hall.webp,webp,532,360,黑潮档案局环境场景图集.png,,10232aeaf1598205c5a024b11bb653edbed950c8b4fca9273c5d02f27bf68e57
assets/environments/wide/png/env_03_underground_flooded_tunnel.png,underground_flooded_tunnel,environment_background,assets/environments/wide/png/env_03_underground_flooded_tunnel.png,png,532,360,黑潮档案局环境场景图集.png,,693774312283dd79a076b4ed3c864d6976b489cfbcfc51e1323ccf4db7c446fc
assets/environments/wide/png/env_03_underground_flooded_tunnel.webp,underground_flooded_tunnel,environment_background,assets/environments/wide/png/env_03_underground_flooded_tunnel.webp,webp,532,360,黑潮档案局环境场景图集.png,,724c63663637d6d0abb84848aa1b7c7b3651b76a2341e13a5e1758f0ff29336c
assets/environments/wide/png/env_04_ritual_secret_chamber.png,ritual_secret_chamber,environment_background,assets/environments/wide/png/env_04_ritual_secret_chamber.png,png,532,360,黑潮档案局环境场景图集.png,,ac1a81c76e0690f93492f88172c8fa1819083bf97df76f538354bf9100a59ee1
assets/environments/wide/png/env_04_ritual_secret_chamber.webp,ritual_secret_chamber,environment_background,assets/environments/wide/png/env_04_ritual_secret_chamber.webp,webp,532,360,黑潮档案局环境场景图集.png,,6a88c060899ef49ae74844b7e39bf0a95a1fe2baf26e89ab27605b52dceccb26
assets/environments/wide/png/env_05_deep_sea_research_dock.png,deep_sea_research_dock,environment_background,assets/environments/wide/png/env_05_deep_sea_research_dock.png,png,532,360,黑潮档案局环境场景图集.png,,a7f10ac04cd5cf93b3377a92e1ff4943bca1b8a7c2c6585a14e2cc7f8bb64a07
assets/environments/wide/png/env_05_deep_sea_research_dock.webp,deep_sea_research_dock,environment_background,assets/environments/wide/png/env_05_deep_sea_research_dock.webp,webp,532,360,黑潮档案局环境场景图集.png,,9891fd82f7d9f8abbf3cc695c25396eb32c405e77ed180b4f1eb2438c89ecfe4
assets/environments/wide/png/env_06_abandoned_old_city_street.png,abandoned_old_city_street,environment_background,assets/environments/wide/png/env_06_abandoned_old_city_street.png,png,532,360,黑潮档案局环境场景图集.png,,c6a82a0e487a3b0672e84363bef5791537cf03cf158cbe41d57586df5ed38baf
assets/environments/wide/png/env_06_abandoned_old_city_street.webp,abandoned_old_city_street,environment_background,assets/environments/wide/png/env_06_abandoned_old_city_street.webp,webp,532,360,黑潮档案局环境场景图集.png,,b09feee8ffbbf773c0e83fe9bd3b1dba259f214fb1fae57bf4594f7fe8d75dea
assets/rooms/png/room_01_standard_containment_room.png,standard_containment_room,room_background,assets/rooms/png/room_01_standard_containment_room.png,png,395,350,黑潮档案局环境图库.png,,d2bd155e2d3bcd816db15b895cbe21e5907d0ed3ff65f483c72cfb3e6f0291c5
assets/rooms/png/room_01_standard_containment_room.webp,standard_containment_room,room_background,assets/rooms/png/room_01_standard_containment_room.webp,webp,395,350,黑潮档案局环境图库.png,,f74281d86537c295aeeee2fbc426f2a6af86a00ef46f7b4e1a9ce2ccf7927581
assets/rooms/png/room_02_dream_isolation_room.png,dream_isolation_room,room_background,assets/rooms/png/room_02_dream_isolation_room.png,png,395,350,黑潮档案局环境图库.png,,6b0fa47e3321bd79f3f9fb1e956aaf517cb1d522557bda7d6b7ee36e04a11a90
assets/rooms/png/room_02_dream_isolation_room.webp,dream_isolation_room,room_background,assets/rooms/png/room_02_dream_isolation_room.webp,webp,395,350,黑潮档案局环境图库.png,,70fed4b36e423bc8c4f8703d75b145c46dc1a62b9d292b2ad824f084cee002e8
assets/rooms/png/room_03_deep_sea_pressure_cabin.png,deep_sea_pressure_cabin,room_background,assets/rooms/png/room_03_deep_sea_pressure_cabin.png,png,395,350,黑潮档案局环境图库.png,,1f01affbd47b1dce684a1f38f1ecc328841298aa9f64ccf161b22e2946703a43
assets/rooms/png/room_03_deep_sea_pressure_cabin.webp,deep_sea_pressure_cabin,room_background,assets/rooms/png/room_03_deep_sea_pressure_cabin.webp,webp,395,350,黑潮档案局环境图库.png,,3b7f9d7669c342fc0b04b4871036471340e31b5cf0b20fb680d009280f2dbc64
assets/rooms/png/room_04_medical_room.png,medical_room,room_background,assets/rooms/png/room_04_medical_room.png,png,395,350,黑潮档案局环境图库.png,,3b9667b79ec43ade2eeb89f5fcbedf6dc0bcc2f72e335434bf21bb7263924114
assets/rooms/png/room_04_medical_room.webp,medical_room,room_background,assets/rooms/png/room_04_medical_room.webp,webp,395,350,黑潮档案局环境图库.png,,3436e8c092d6b38de3dfe1a80da81cd221d6f770ea97d1b42567126575f301f0
assets/rooms/png/room_05_research_laboratory.png,research_laboratory,room_background,assets/rooms/png/room_05_research_laboratory.png,png,395,350,黑潮档案局环境图库.png,,0c4b88f09931dc5eaed5f83588cbabc9ebb78e468bf833344390e7a15895d193
assets/rooms/png/room_05_research_laboratory.webp,research_laboratory,room_background,assets/rooms/png/room_05_research_laboratory.webp,webp,395,350,黑潮档案局环境图库.png,,b09f80cade00df3a118bf966154d93e0321e6eec4e5fad030bcadad51463d34a
assets/rooms/png/room_06_observation_room.png,observation_room,room_background,assets/rooms/png/room_06_observation_room.png,png,395,350,黑潮档案局环境图库.png,,300a24792a138ab09ab68b2c78d6666f3fdf3ec17d0114471b51eeb23ca8d69f
assets/rooms/png/room_06_observation_room.webp,observation_room,room_background,assets/rooms/png/room_06_observation_room.webp,webp,395,350,黑潮档案局环境图库.png,,ab7434367eb41773bf86524df86ba9791837842262026a5c699102fa53bc7230
assets/rooms/png/room_07_incineration_room.png,incineration_room,room_background,assets/rooms/png/room_07_incineration_room.png,png,395,350,黑潮档案局环境图库.png,,5d8fc29bf1d206d7f3fb03bf43f09602f640779fab51e49ca5029dfc8c63fbc6
assets/rooms/png/room_07_incineration_room.webp,incineration_room,room_background,assets/rooms/png/room_07_incineration_room.webp,webp,395,350,黑潮档案局环境图库.png,,aec8bc9e3e14093571ef23bd8e7e6c369aaebcac825cc39faedb35cdb9369217
assets/rooms/png/room_08_sealed_archive_vault.png,sealed_archive_vault,room_background,assets/rooms/png/room_08_sealed_archive_vault.png,png,395,350,黑潮档案局环境图库.png,,e139f8944b0b9ab23b503157094ffecf3acb2e7fe9c57f7445dab26c20a9d90f
assets/rooms/png/room_08_sealed_archive_vault.webp,sealed_archive_vault,room_background,assets/rooms/png/room_08_sealed_archive_vault.webp,webp,395,350,黑潮档案局环境图库.png,,0167ccaa314d1946891204a2a34040e4ec3d32bfa88b0b4640d2a073038dd0fe
assets/icons/tile/png/icon_01_containment.png,containment,icon_tile,assets/icons/tile/png/icon_01_containment.png,png,176,198,黑潮档案局图标集.png,,4d15820426f1dc1ee5db2c8e38ba9959ea0561fca16606d14b866989ded4b91e
assets/icons/tile/png/icon_01_containment.webp,containment,icon_tile,assets/icons/tile/png/icon_01_containment.webp,webp,176,198,黑潮档案局图标集.png,,6b902a8acdb9c17559e7f3034f7bba01ec8c00c8522d62503fcf923fff203959
assets/icons/tile/png/icon_02_mission.png,mission,icon_tile,assets/icons/tile/png/icon_02_mission.png,png,176,198,黑潮档案局图标集.png,,2d1efabaa1ccc478fae4e164a9d04c32017e3a0ffc765e4afcc31f00c6ea67b0
assets/icons/tile/png/icon_02_mission.webp,mission,icon_tile,assets/icons/tile/png/icon_02_mission.webp,webp,176,198,黑潮档案局图标集.png,,c6bdb2fcd2cc3c789ed06cf4a765a5a64e61fb6f2ae7993b2db90322ed6c0780
assets/icons/tile/png/icon_03_investigator.png,investigator,icon_tile,assets/icons/tile/png/icon_03_investigator.png,png,176,198,黑潮档案局图标集.png,,e905363a63646abe5beab0a77e1b646baadb271c0373abc7f2c095081c68148f
assets/icons/tile/png/icon_03_investigator.webp,investigator,icon_tile,assets/icons/tile/png/icon_03_investigator.webp,webp,176,198,黑潮档案局图标集.png,,055c105927e560b5cbad2370f04de93b63ae912bfadf69e56d095d2f15eba8bc
assets/icons/tile/png/icon_04_anomaly.png,anomaly,icon_tile,assets/icons/tile/png/icon_04_anomaly.png,png,176,198,黑潮档案局图标集.png,,38aacda6c235dd9b066ca479ec58e66ed5b08ff216a884ddda3a64be12bbfc9e
assets/icons/tile/png/icon_04_anomaly.webp,anomaly,icon_tile,assets/icons/tile/png/icon_04_anomaly.webp,webp,176,198,黑潮档案局图标集.png,,5ba1bcced5ec150e61dd117c53ac60df890e75988e75d4c3c6e41a34a7cd94f7
assets/icons/tile/png/icon_05_research.png,research,icon_tile,assets/icons/tile/png/icon_05_research.png,png,176,198,黑潮档案局图标集.png,,40b9cf04f0e85a594d57cd592414bf4d25aebe3365366ce342e367f4ca11cfde
assets/icons/tile/png/icon_05_research.webp,research,icon_tile,assets/icons/tile/png/icon_05_research.webp,webp,176,198,黑潮档案局图标集.png,,5c5d9e1972ed342fdbe93770b32b21f8cfd5b8c1713ab039911a518a20cb04e7
assets/icons/tile/png/icon_06_archive.png,archive,icon_tile,assets/icons/tile/png/icon_06_archive.png,png,176,198,黑潮档案局图标集.png,,2dd18fe9abfe611e4de0aa10c4d9ea1075da9532675ca175184a3e8fa6cf8985
assets/icons/tile/png/icon_06_archive.webp,archive,icon_tile,assets/icons/tile/png/icon_06_archive.webp,webp,176,198,黑潮档案局图标集.png,,e04605d779e87b79df2d7d08d4cb8611a3f4aba200f70ca0a37a761c50b1a6ac
assets/icons/tile/png/icon_07_mail.png,mail,icon_tile,assets/icons/tile/png/icon_07_mail.png,png,176,198,黑潮档案局图标集.png,,3f36eae1c33a1565ddde1db1fba494da48945f0e5376e9e6921c8a554d181600
assets/icons/tile/png/icon_07_mail.webp,mail,icon_tile,assets/icons/tile/png/icon_07_mail.webp,webp,176,198,黑潮档案局图标集.png,,77fbd1c2302bf4f9c6242c4a01bc3d6358608392b815ff9bbaaacb0b5b113aa3
assets/icons/tile/png/icon_08_alarm.png,alarm,icon_tile,assets/icons/tile/png/icon_08_alarm.png,png,176,198,黑潮档案局图标集.png,,38528cba144b71ac4db19963aae29fab0c2dcc1c3af1220f82b68be6bc4d2dfd
assets/icons/tile/png/icon_08_alarm.webp,alarm,icon_tile,assets/icons/tile/png/icon_08_alarm.webp,webp,176,198,黑潮档案局图标集.png,,6cb0463a7e608b88738926e96a7f1f97708fea75aec5bbb09edecb3a1697589f
assets/icons/tile/png/icon_09_settings.png,settings,icon_tile,assets/icons/tile/png/icon_09_settings.png,png,176,198,黑潮档案局图标集.png,,b4a214ee34db65faa645608ad756bded19a4731a9a07556b648410b12cf53ce3
assets/icons/tile/png/icon_09_settings.webp,settings,icon_tile,assets/icons/tile/png/icon_09_settings.webp,webp,176,198,黑潮档案局图标集.png,,c8891e0407dce845dc7f26eaf8b1af14798a38044b0e1a32c76ebaad3ac500f8
assets/icons/tile/png/icon_10_action_power.png,action_power,icon_tile,assets/icons/tile/png/icon_10_action_power.png,png,176,198,黑潮档案局图标集.png,,da0900f75200474b2dc67829871010ec06bb48942f7205347e46a84da12ed53f
assets/icons/tile/png/icon_10_action_power.webp,action_power,icon_tile,assets/icons/tile/png/icon_10_action_power.webp,webp,176,198,黑潮档案局图标集.png,,d22a05d867a65f140295ae26762c04cde07c9db5b1902e115b5ff4c8652594a4
assets/icons/tile/png/icon_11_sanity.png,sanity,icon_tile,assets/icons/tile/png/icon_11_sanity.png,png,176,198,黑潮档案局图标集.png,,748e7700632a4afde3372fde231d0e4878aa1a14d080ae3e9d3db9fd80e313f1
assets/icons/tile/png/icon_11_sanity.webp,sanity,icon_tile,assets/icons/tile/png/icon_11_sanity.webp,webp,176,198,黑潮档案局图标集.png,,f214786ab4c5b03935177316ed9fa014f6e5344f8fa0126f9f5b7d68dc0b669d
assets/icons/tile/png/icon_12_pollution.png,pollution,icon_tile,assets/icons/tile/png/icon_12_pollution.png,png,176,198,黑潮档案局图标集.png,,3f0988d4872983c775e2920ca251f42ec168e4a37add56280a75d73693d755de
assets/icons/tile/png/icon_12_pollution.webp,pollution,icon_tile,assets/icons/tile/png/icon_12_pollution.webp,webp,176,198,黑潮档案局图标集.png,,68e712cca70bebf14c96aca8893e964d8301e25c15bbf4da8085f43900e7a598
assets/icons/tile/png/icon_13_stability.png,stability,icon_tile,assets/icons/tile/png/icon_13_stability.png,png,176,198,黑潮档案局图标集.png,,40242958ab295b9453c44a1e4e38bf3b91564e6c17777dadfd7862afbc7d47f7
assets/icons/tile/png/icon_13_stability.webp,stability,icon_tile,assets/icons/tile/png/icon_13_stability.webp,webp,176,198,黑潮档案局图标集.png,,d4708e14a576d0b6d039bbb39b2bb46de9e05de0774506a0698d28066070f9da
assets/icons/tile/png/icon_14_risk_level.png,risk_level,icon_tile,assets/icons/tile/png/icon_14_risk_level.png,png,176,198,黑潮档案局图标集.png,,0afb102acae19b3fe012503c26332c43f0d75a8e41b76afd24366b2890809584
assets/icons/tile/png/icon_14_risk_level.webp,risk_level,icon_tile,assets/icons/tile/png/icon_14_risk_level.webp,webp,176,198,黑潮档案局图标集.png,,c0fedd263d15ebcc9657fa8449d6a969317697c8bc9cde6c9de5aee7efec3e9f
assets/icons/tile/png/icon_15_warning.png,warning,icon_tile,assets/icons/tile/png/icon_15_warning.png,png,176,198,黑潮档案局图标集.png,,1a2afe2078de6894dfba17fb9dd259c93ab11a66c9c460b2c978323816d0080c
assets/icons/tile/png/icon_15_warning.webp,warning,icon_tile,assets/icons/tile/png/icon_15_warning.webp,webp,176,198,黑潮档案局图标集.png,,ceaf3afbda5cfb0d6ea42e25db182bd4b9484cdcab4b1593d8fe5d1114772e72
assets/icons/tile/png/icon_16_success.png,success,icon_tile,assets/icons/tile/png/icon_16_success.png,png,176,198,黑潮档案局图标集.png,,f19d57ee2e9fa1c8c32d156755321e10e49dcda424a68556f35d6e1ef71ee885
assets/icons/tile/png/icon_16_success.webp,success,icon_tile,assets/icons/tile/png/icon_16_success.webp,webp,176,198,黑潮档案局图标集.png,,2e3453d1a5af97eb1976f12e8d184b5c4cea1b9385a250268562efe57ea4499a
assets/icons/tile/png/icon_17_failure.png,failure,icon_tile,assets/icons/tile/png/icon_17_failure.png,png,176,198,黑潮档案局图标集.png,,3a06254ddfc6de989f2ce9b3ec6546020988ee09fc41fc54851bdbe63de0ed24
assets/icons/tile/png/icon_17_failure.webp,failure,icon_tile,assets/icons/tile/png/icon_17_failure.webp,webp,176,198,黑潮档案局图标集.png,,50fa98eb106acee3c8fbdc9542e60e4d955fd783949fa5c20a84a68888f30ae7
assets/icons/tile/png/icon_18_locked.png,locked,icon_tile,assets/icons/tile/png/icon_18_locked.png,png,176,198,黑潮档案局图标集.png,,db4e1cef107e1f56bd75c168a43e42492df36b2d9e18dc560f9901161ffa6213
assets/icons/tile/png/icon_18_locked.webp,locked,icon_tile,assets/icons/tile/png/icon_18_locked.webp,webp,176,198,黑潮档案局图标集.png,,5ba88b9ae5f9ba97a40d9e40b5d14d18b2988684fb5e1bfdedbc720130c49677
assets/icons/tile/png/icon_19_unlock.png,unlock,icon_tile,assets/icons/tile/png/icon_19_unlock.png,png,176,198,黑潮档案局图标集.png,,f3bc3316f8b029b60a8ce80487562a9291c209c6076ad108b013f7eff887da38
assets/icons/tile/png/icon_19_unlock.webp,unlock,icon_tile,assets/icons/tile/png/icon_19_unlock.webp,webp,176,198,黑潮档案局图标集.png,,791d51ea8b0410b009bcb54e83bb1df9421942b5b640d4aaf8032f182d88c7ca
assets/icons/tile/png/icon_20_watcher_eye.png,watcher_eye,icon_tile,assets/icons/tile/png/icon_20_watcher_eye.png,png,176,198,黑潮档案局图标集.png,,795a40f74b6df03bda3defadfed06de30460063593ea53efb5b7e2f6e3f4688d
assets/icons/tile/png/icon_20_watcher_eye.webp,watcher_eye,icon_tile,assets/icons/tile/png/icon_20_watcher_eye.webp,webp,176,198,黑潮档案局图标集.png,,69dfefb02e8743d1a2dcd8f5fb2b0a933d3864b37c08b99cb1d4caa13a75a2a3
assets/icons/tile/png/icon_21_book.png,book,icon_tile,assets/icons/tile/png/icon_21_book.png,png,176,198,黑潮档案局图标集.png,,a7dffa074fc231f948e6d32d581a4f865f14e20d4e3093ffd9eddc59db425eb3
assets/icons/tile/png/icon_21_book.webp,book,icon_tile,assets/icons/tile/png/icon_21_book.webp,webp,176,198,黑潮档案局图标集.png,,d8d90938125bb810a11a29f40d8c99c81e67e8a3e026920c4dcef9c732365b31
assets/icons/tile/png/icon_22_ritual.png,ritual,icon_tile,assets/icons/tile/png/icon_22_ritual.png,png,176,198,黑潮档案局图标集.png,,dcb37503c325b8cc83aab54e22170dbafa0ffd69cd59ad606dfef341a774c4c7
assets/icons/tile/png/icon_22_ritual.webp,ritual,icon_tile,assets/icons/tile/png/icon_22_ritual.webp,webp,176,198,黑潮档案局图标集.png,,dbaad3636e042acf43e87d8e5cbc65df4e20b4b763ab86159a45511632701e0f
assets/icons/tile/png/icon_23_dream.png,dream,icon_tile,assets/icons/tile/png/icon_23_dream.png,png,176,198,黑潮档案局图标集.png,,448c460f0ff5f6dd31f92e5fd5a8b8d9a42ccc2b673c5e516d0351661aa012e7
assets/icons/tile/png/icon_23_dream.webp,dream,icon_tile,assets/icons/tile/png/icon_23_dream.webp,webp,176,198,黑潮档案局图标集.png,,9ed3c9953c19a09f703a9f5df455c34eb25467a0f8ed5409ab9b323051a07bb8
assets/icons/tile/png/icon_24_deep_sea.png,deep_sea,icon_tile,assets/icons/tile/png/icon_24_deep_sea.png,png,176,198,黑潮档案局图标集.png,,9587aa002419bb7f7f2b488765bfa13421e8d30356396f18eef2e692729e6c6c
assets/icons/tile/png/icon_24_deep_sea.webp,deep_sea,icon_tile,assets/icons/tile/png/icon_24_deep_sea.webp,webp,176,198,黑潮档案局图标集.png,,4f48080383026e420cb8f70e3bab1bf61abb3ed3aa4e5a76ea5945f49607192f
assets/icons/tile/png/icon_25_time.png,time,icon_tile,assets/icons/tile/png/icon_25_time.png,png,176,198,黑潮档案局图标集.png,,fed1bbfed9f0c4de473c1ff3dd4c7ac9f2b7a2125ca3b0ffadcf506525a78628
assets/icons/tile/png/icon_25_time.webp,time,icon_tile,assets/icons/tile/png/icon_25_time.webp,webp,176,198,黑潮档案局图标集.png,,f0007cad64ee2499208abba9970f2402b66c0a65bedcf284ff35fe09762f02f4
assets/icons/tile/png/icon_26_map_node.png,map_node,icon_tile,assets/icons/tile/png/icon_26_map_node.png,png,176,198,黑潮档案局图标集.png,,e5105b6239de0665d222d01df1e610db0b6c28d887351d27f782c7859f319b7b
assets/icons/tile/png/icon_26_map_node.webp,map_node,icon_tile,assets/icons/tile/png/icon_26_map_node.webp,webp,176,198,黑潮档案局图标集.png,,8ffe8f7df477e87741f25698430e118e69bb08f0c36aa0309afae90e51e0cb38
assets/icons/tile/png/icon_27_route.png,route,icon_tile,assets/icons/tile/png/icon_27_route.png,png,176,198,黑潮档案局图标集.png,,5b000af7ab72f60484549e640c97b902a3f675535e8f2cb77d48486e4ce9f278
assets/icons/tile/png/icon_27_route.webp,route,icon_tile,assets/icons/tile/png/icon_27_route.webp,webp,176,198,黑潮档案局图标集.png,,89f0c64ae5cfa7959cc6e35763555bc9d1eaec5d6190aadaf6a77a87e7ffe934
assets/icons/tile/png/icon_28_reward.png,reward,icon_tile,assets/icons/tile/png/icon_28_reward.png,png,176,198,黑潮档案局图标集.png,,1b04bd960ff56dfc624da74ae731fe740cf08433d6997cdb248a544077ab4e2f
assets/icons/tile/png/icon_28_reward.webp,reward,icon_tile,assets/icons/tile/png/icon_28_reward.webp,webp,176,198,黑潮档案局图标集.png,,07c2d33d4192ad2b35302644f4caacf47318584ee1456e5187d730d0bf4c54da
assets/icons/tile/png/icon_29_exp.png,exp,icon_tile,assets/icons/tile/png/icon_29_exp.png,png,176,198,黑潮档案局图标集.png,,f7210ef5f12f1ea9c72684f91d62a87e4bd3a43b777f9d59dfe2e935a5778605
assets/icons/tile/png/icon_29_exp.webp,exp,icon_tile,assets/icons/tile/png/icon_29_exp.webp,webp,176,198,黑潮档案局图标集.png,,7f241e01b8d184e158d7c7281fac4b3d429eacce078374077e3986fa1c0bc3a4
assets/icons/tile/png/icon_30_authority_rank.png,authority_rank,icon_tile,assets/icons/tile/png/icon_30_authority_rank.png,png,176,198,黑潮档案局图标集.png,,165df45d1792162a4f3ad1c241fa5361bc3c4c46b560051d378cab2d3908c232
assets/icons/tile/png/icon_30_authority_rank.webp,authority_rank,icon_tile,assets/icons/tile/png/icon_30_authority_rank.webp,webp,176,198,黑潮档案局图标集.png,,4ad9cbedbae1256aba612b7dbe570223bbfbd8b2baba082bceb2aeb78aaf0adf
assets/icons/tile/png/icon_31_shield.png,shield,icon_tile,assets/icons/tile/png/icon_31_shield.png,png,176,198,黑潮档案局图标集.png,,e073fcc4f89cdf87a1611fcd6f31e3d2b0044c05a789e97fa0ee723dec309efb
assets/icons/tile/png/icon_31_shield.webp,shield,icon_tile,assets/icons/tile/png/icon_31_shield.webp,webp,176,198,黑潮档案局图标集.png,,17cd7a8b2355e762eea150e09c4f3572d5c03e57887c96df4e1a6a886d2e24a8
assets/icons/tile/png/icon_32_medical.png,medical,icon_tile,assets/icons/tile/png/icon_32_medical.png,png,176,198,黑潮档案局图标集.png,,709190da8da3d204c3c4cdc7c9e4432a70e443069c1f57bc99b4700650e31269
assets/icons/tile/png/icon_32_medical.webp,medical,icon_tile,assets/icons/tile/png/icon_32_medical.webp,webp,176,198,黑潮档案局图标集.png,,50feae9716fcbd920643e35ab08eef022803eb3cd353a642d28098d796fc3f5a
assets/icons/tile/png/icon_33_tool.png,tool,icon_tile,assets/icons/tile/png/icon_33_tool.png,png,176,198,黑潮档案局图标集.png,,ce9ccf7f17fab8bd99b96eb128f0db6d4a70023c456d6a6455a43bc4465d77b7
assets/icons/tile/png/icon_33_tool.webp,tool,icon_tile,assets/icons/tile/png/icon_33_tool.webp,webp,176,198,黑潮档案局图标集.png,,922b312698da56bc949032be608f73c88f3aa04391596d41634dad855422dbef
assets/icons/tile/png/icon_34_report.png,report,icon_tile,assets/icons/tile/png/icon_34_report.png,png,176,198,黑潮档案局图标集.png,,95c379165b69590c9c7174500c6c1695c88e14b99e954a8a5ddf996dcba955ef
assets/icons/tile/png/icon_34_report.webp,report,icon_tile,assets/icons/tile/png/icon_34_report.webp,webp,176,198,黑潮档案局图标集.png,,0275187f06045d2e3cf4c53a4781f261e4ce03d517770f42d815aa89ad3bb5bf
assets/icons/tile/png/icon_35_search.png,search,icon_tile,assets/icons/tile/png/icon_35_search.png,png,176,198,黑潮档案局图标集.png,,bc6b200a212894ec3cf123ae5ac7c8e4fc7551b3615641f3edc4d407e86395a1
assets/icons/tile/png/icon_35_search.webp,search,icon_tile,assets/icons/tile/png/icon_35_search.webp,webp,176,198,黑潮档案局图标集.png,,2182640fa0537b36f3f8493fbd33ee0a028c0147e78ac4d9353d98a8779ec1c9
assets/icons/tile/png/icon_36_sample_clue.png,sample_clue,icon_tile,assets/icons/tile/png/icon_36_sample_clue.png,png,176,198,黑潮档案局图标集.png,,a72bf8ff66eda05d4f0d2f22ac13bcdb1dd48c897dc7d32899ed7e68b8f1fab0
assets/icons/tile/png/icon_36_sample_clue.webp,sample_clue,icon_tile,assets/icons/tile/png/icon_36_sample_clue.webp,webp,176,198,黑潮档案局图标集.png,,6f5c6b338922785c244406eab6b8b52c2d4e14cef8e73d87b8b4be8ae51d0589
assets/items/tile/png/item_01_memory_crystal.png,memory_crystal,item_tile,assets/items/tile/png/item_01_memory_crystal.png,png,155,190,黑潮档案局图标与物品集.png,,53245baa8b0535a74b6efb0978e7f6d6d2a99b37a2e64f955a248b5264eee54b
assets/items/tile/png/item_01_memory_crystal.webp,memory_crystal,item_tile,assets/items/tile/png/item_01_memory_crystal.webp,webp,155,190,黑潮档案局图标与物品集.png,,920725759f8df847f70c4fc8bff44195e548e97ad18f296f76bb38656cf4c71b
assets/items/tile/png/item_02_pollution_sample.png,pollution_sample,item_tile,assets/items/tile/png/item_02_pollution_sample.png,png,155,190,黑潮档案局图标与物品集.png,,b95aa3a4069fa434e9a570a8f1d01acb51e5eacba816650b6ae12cc8ffd6ec3a
assets/items/tile/png/item_02_pollution_sample.webp,pollution_sample,item_tile,assets/items/tile/png/item_02_pollution_sample.webp,webp,155,190,黑潮档案局图标与物品集.png,,8ccafec9f0f7c4ec8b77b0440f26e6cd5703ebf6a2e1f83057eabf86e9d0d53a
assets/items/tile/png/item_03_old_coin.png,old_coin,item_tile,assets/items/tile/png/item_03_old_coin.png,png,155,190,黑潮档案局图标与物品集.png,,23f6174c5568de676f01e85b8bfc21cc7b7c7d708c7e8a229ab1b409a5267a7e
assets/items/tile/png/item_03_old_coin.webp,old_coin,item_tile,assets/items/tile/png/item_03_old_coin.webp,webp,155,190,黑潮档案局图标与物品集.png,,505c5debbb7353b1a34041098b631c03cdd7ce095ee0ba1ceac7ea55f92f18fb
assets/items/tile/png/item_04_ancient_key.png,ancient_key,item_tile,assets/items/tile/png/item_04_ancient_key.png,png,155,190,黑潮档案局图标与物品集.png,,c75cae32a27c7df69837b38e821eb7eb21f62704fdbaed351e5f232f9666c83c
assets/items/tile/png/item_04_ancient_key.webp,ancient_key,item_tile,assets/items/tile/png/item_04_ancient_key.webp,webp,155,190,黑潮档案局图标与物品集.png,,dec0c187730682b2243a8621a3dc40bd8bb25c5085d2966c597cebeb067bb97c
assets/items/tile/png/item_05_compass.png,compass,item_tile,assets/items/tile/png/item_05_compass.png,png,155,190,黑潮档案局图标与物品集.png,,f018b9b220c1d3b76394c4a842f41f24c6b3c15200b380158759e80500fc08e2
assets/items/tile/png/item_05_compass.webp,compass,item_tile,assets/items/tile/png/item_05_compass.webp,webp,155,190,黑潮档案局图标与物品集.png,,b359a41c44a16b441f46a0eb5309e2401207df5937d3e3f8f5dc91f93be02660
assets/items/tile/png/item_06_notebook.png,notebook,item_tile,assets/items/tile/png/item_06_notebook.png,png,155,190,黑潮档案局图标与物品集.png,,a8550b598cdce7a579528664f200d447625694b9d420b5a5d816e18fba3a1706
assets/items/tile/png/item_06_notebook.webp,notebook,item_tile,assets/items/tile/png/item_06_notebook.webp,webp,155,190,黑潮档案局图标与物品集.png,,3ec1d7e0d16abaffba8de3acad4039500c9b606a5036064ec5919f01102430b2
assets/items/tile/png/item_07_injector.png,injector,item_tile,assets/items/tile/png/item_07_injector.png,png,155,190,黑潮档案局图标与物品集.png,,b334ef8fef9f8c69515072e4c043e0ee576e6b898f11f1d70a103cfa4256e959
assets/items/tile/png/item_07_injector.webp,injector,item_tile,assets/items/tile/png/item_07_injector.webp,webp,155,190,黑潮档案局图标与物品集.png,,d5a4b08d0b54b3aa19d7638373fd4de107516baddca776e87aa85f4a145666fd
assets/items/tile/png/item_08_oil_lamp.png,oil_lamp,item_tile,assets/items/tile/png/item_08_oil_lamp.png,png,155,190,黑潮档案局图标与物品集.png,,98868e9e215bd185896026c1417356c3d68432897968a0df163467da52e68709
assets/items/tile/png/item_08_oil_lamp.webp,oil_lamp,item_tile,assets/items/tile/png/item_08_oil_lamp.webp,webp,155,190,黑潮档案局图标与物品集.png,,d98bb61dc868034ecf0795789aa61080c4e2871475705afb55492e153f77659e
assets/items/tile/png/item_09_seal_wax.png,seal_wax,item_tile,assets/items/tile/png/item_09_seal_wax.png,png,155,190,黑潮档案局图标与物品集.png,,5339d444c695aadcb94d66c0e79cd9229c4db5dc3894880900713c773aaee463
assets/items/tile/png/item_09_seal_wax.webp,seal_wax,item_tile,assets/items/tile/png/item_09_seal_wax.webp,webp,155,190,黑潮档案局图标与物品集.png,,8a7468b54cdc9bc646f8e9e5105138ecd1f24eb033fbf0c7b9ea843660fc882d
assets/items/tile/png/item_10_shell.png,shell,item_tile,assets/items/tile/png/item_10_shell.png,png,155,190,黑潮档案局图标与物品集.png,,628bf0d7ba65544df6b8258e1175a67a9a9b02a46badea1251c1c5ec9d465450
assets/items/tile/png/item_10_shell.webp,shell,item_tile,assets/items/tile/png/item_10_shell.webp,webp,155,190,黑潮档案局图标与物品集.png,,debda69e2e2c379d20da98fd354e8e9810684384a3909e1df9ba7db15ffacf14
assets/items/tile/png/item_11_film_reel.png,film_reel,item_tile,assets/items/tile/png/item_11_film_reel.png,png,155,190,黑潮档案局图标与物品集.png,,9a81418d0f23935ef8c9205932b2a1185fac581628dd904d13358ec4b10f5dd8
assets/items/tile/png/item_11_film_reel.webp,film_reel,item_tile,assets/items/tile/png/item_11_film_reel.webp,webp,155,190,黑潮档案局图标与物品集.png,,742ef59559b0ff066edb2fc4ad65685a0cf173b17126d71a3d2dda0b74a4374a
assets/items/tile/png/item_12_sample_bottle.png,sample_bottle,item_tile,assets/items/tile/png/item_12_sample_bottle.png,png,155,190,黑潮档案局图标与物品集.png,,3cf9b2a88d1df21052773c89c3d0434b6315a52da3b9e14e69be376cd9283210
assets/items/tile/png/item_12_sample_bottle.webp,sample_bottle,item_tile,assets/items/tile/png/item_12_sample_bottle.webp,webp,155,190,黑潮档案局图标与物品集.png,,adba0619d15d34e801c42080fad042fb1840492abbd77b566f93d57f395ec3a6
assets/items/tile/png/item_13_energy_crystal.png,energy_crystal,item_tile,assets/items/tile/png/item_13_energy_crystal.png,png,155,190,黑潮档案局图标与物品集.png,,3963e2a20cec50b068c04ddf0500b026114ee597ada4a5bb5a0e254253ccab3c
assets/items/tile/png/item_13_energy_crystal.webp,energy_crystal,item_tile,assets/items/tile/png/item_13_energy_crystal.webp,webp,155,190,黑潮档案局图标与物品集.png,,63d6fc4fd7c64e08299cb39b4256e3dd9fc4fda251d1c9d21e8601be518c1974
assets/items/tile/png/item_14_anomaly_eye.png,anomaly_eye,item_tile,assets/items/tile/png/item_14_anomaly_eye.png,png,155,190,黑潮档案局图标与物品集.png,,4996861c32e9eb029fabb0ed482fd388b57a105f97f1cde3f998293f208cddf2
assets/items/tile/png/item_14_anomaly_eye.webp,anomaly_eye,item_tile,assets/items/tile/png/item_14_anomaly_eye.webp,webp,155,190,黑潮档案局图标与物品集.png,,a610e8abb712460f8e4283ad053c51f32e5113b6ef450cd6c6e243050a3f48b6
assets/items/tile/png/item_15_mask.png,mask,item_tile,assets/items/tile/png/item_15_mask.png,png,155,190,黑潮档案局图标与物品集.png,,79ade77159aa31d940985ecb38ba581418ec91cb4d1abc6e34b1da391ab0befb
assets/items/tile/png/item_15_mask.webp,mask,item_tile,assets/items/tile/png/item_15_mask.webp,webp,155,190,黑潮档案局图标与物品集.png,,42785cba5332ff86670520b5909c239a4fee7af4cff524548136bec89b0732c4
assets/items/tile/png/item_16_bronze_bell.png,bronze_bell,item_tile,assets/items/tile/png/item_16_bronze_bell.png,png,155,190,黑潮档案局图标与物品集.png,,95dfadbde426bfdf319e5165bd97c29194aa029c55111804e2465158ec3602da
assets/items/tile/png/item_16_bronze_bell.webp,bronze_bell,item_tile,assets/items/tile/png/item_16_bronze_bell.webp,webp,155,190,黑潮档案局图标与物品集.png,,2fb2704ed18578f4073ac5993bfc91cfb71ccf309dfa40d531a0ee62449ae253
assets/items/tile/png/item_17_radio.png,radio,item_tile,assets/items/tile/png/item_17_radio.png,png,155,190,黑潮档案局图标与物品集.png,,11191dae1fc09d91101efa35affff30646e7388b55ae7a9de5a4a0ab27d4112a
assets/items/tile/png/item_17_radio.webp,radio,item_tile,assets/items/tile/png/item_17_radio.webp,webp,155,190,黑潮档案局图标与物品集.png,,7a68b762c278eef2a4fb2ace8bdd1542f97b7a8cf041ddd0c8e9b116ad1f6d92
assets/items/tile/png/item_18_pocket_watch.png,pocket_watch,item_tile,assets/items/tile/png/item_18_pocket_watch.png,png,155,190,黑潮档案局图标与物品集.png,,940b96cebea32931c3308b6bfa2df5e714e8b614d72000de8cb972db7d8b2a13
assets/items/tile/png/item_18_pocket_watch.webp,pocket_watch,item_tile,assets/items/tile/png/item_18_pocket_watch.webp,webp,155,190,黑潮档案局图标与物品集.png,,53c51be3c1f704d54c3efd9c4abcbf9ad06b0670dbbc274c5c01b0abe15afd3d
assets/items/tile/png/item_19_map_fragment.png,map_fragment,item_tile,assets/items/tile/png/item_19_map_fragment.png,png,155,190,黑潮档案局图标与物品集.png,,97d8529c4d2de7522bf6d8a6d63cca2b8fbc62fd1f79fcf684e21247aa70190c
assets/items/tile/png/item_19_map_fragment.webp,map_fragment,item_tile,assets/items/tile/png/item_19_map_fragment.webp,webp,155,190,黑潮档案局图标与物品集.png,,b534bc1327811ff2061b8fbe2db0127d1ffb317d719fb83218b2d890d3c95194
assets/items/tile/png/item_20_ritual_dagger.png,ritual_dagger,item_tile,assets/items/tile/png/item_20_ritual_dagger.png,png,155,190,黑潮档案局图标与物品集.png,,a305da88214104dd388730c14ab7cb90abf1c6ba3e7b7675360a30d834aad494
assets/items/tile/png/item_20_ritual_dagger.webp,ritual_dagger,item_tile,assets/items/tile/png/item_20_ritual_dagger.webp,webp,155,190,黑潮档案局图标与物品集.png,,ac50725d655ec1e7e971d35001cf9a219a5dbc4281d11a95ea8590e40f597849
assets/items/tile/png/item_21_archive_stamp.png,archive_stamp,item_tile,assets/items/tile/png/item_21_archive_stamp.png,png,155,190,黑潮档案局图标与物品集.png,,bb0e5bcec907b3b4f932ecbb5357efe1b85f8e11725952434b5c84cd2aec7cfd
assets/items/tile/png/item_21_archive_stamp.webp,archive_stamp,item_tile,assets/items/tile/png/item_21_archive_stamp.webp,webp,155,190,黑潮档案局图标与物品集.png,,bee404414d2a5f0886e01328ca5cc0a96dad7418f7cc4593fd1050d7489c8df9
assets/items/tile/png/item_22_access_pass.png,access_pass,item_tile,assets/items/tile/png/item_22_access_pass.png,png,155,190,黑潮档案局图标与物品集.png,,3d9a7388d95c26c3c7e06a2b612dea0c93f8b4e9a31c4f81f7d7fc7c7eaba74b
assets/items/tile/png/item_22_access_pass.webp,access_pass,item_tile,assets/items/tile/png/item_22_access_pass.webp,webp,155,190,黑潮档案局图标与物品集.png,,8f5d0709cbc8d9efad05fbcdade2afc37aa759941acb486fe8a68d463f321f9c
assets/items/tile/png/item_23_identity_badge.png,identity_badge,item_tile,assets/items/tile/png/item_23_identity_badge.png,png,155,190,黑潮档案局图标与物品集.png,,a18db5419a6ccb5be0aa59ed67c29c41cb678ca2dafba1289c08a454fa5eb1a2
assets/items/tile/png/item_23_identity_badge.webp,identity_badge,item_tile,assets/items/tile/png/item_23_identity_badge.webp,webp,155,190,黑潮档案局图标与物品集.png,,49817d960f062cfe2d2f67325babc4517d33f01a1b4c9748a605781355395cca
assets/items/tile/png/item_24_start_node.png,start_node,item_tile,assets/items/tile/png/item_24_start_node.png,png,155,190,黑潮档案局图标与物品集.png,,6018223294726692f35721908ce307ce88f41df4c0a835299a3c123567fda746
assets/items/tile/png/item_24_start_node.webp,start_node,item_tile,assets/items/tile/png/item_24_start_node.webp,webp,155,190,黑潮档案局图标与物品集.png,,481507877429017425f98244201f3269bf9132bb98965c19c7a9c85466c86eed
assets/items/tile/png/item_25_branch_node.png,branch_node,item_tile,assets/items/tile/png/item_25_branch_node.png,png,155,190,黑潮档案局图标与物品集.png,,ea374512377618a7948f18d7693b16458fb7e106df0a7fb92968b64d68ea1507
assets/items/tile/png/item_25_branch_node.webp,branch_node,item_tile,assets/items/tile/png/item_25_branch_node.webp,webp,155,190,黑潮档案局图标与物品集.png,,96eac20de87c7384fad45e26ea4f98652dad807a84aca0a090f92e5c6e56a0f5
assets/items/tile/png/item_26_combat_node.png,combat_node,item_tile,assets/items/tile/png/item_26_combat_node.png,png,155,190,黑潮档案局图标与物品集.png,,69f30aeb6886ced58df4bda5889484d56855a6100423bc800725d5bdb7f42033
assets/items/tile/png/item_26_combat_node.webp,combat_node,item_tile,assets/items/tile/png/item_26_combat_node.webp,webp,155,190,黑潮档案局图标与物品集.png,,fd1f9dbcfdab146b136a206ada82f9d7b3e4f0321ee9fb731cbf53950ba0f9ef
assets/items/tile/png/item_27_event_node.png,event_node,item_tile,assets/items/tile/png/item_27_event_node.png,png,155,190,黑潮档案局图标与物品集.png,,5b55d9aa79c4fa84a49106b55711ca374a04f156093b8d0d7ed61765f7f7a597
assets/items/tile/png/item_27_event_node.webp,event_node,item_tile,assets/items/tile/png/item_27_event_node.webp,webp,155,190,黑潮档案局图标与物品集.png,,2acb20e5bd98f9e4baa1f20cf419648a8a0b203769e03eeda37dfd582b55c31a
assets/items/tile/png/item_28_recovery_node.png,recovery_node,item_tile,assets/items/tile/png/item_28_recovery_node.png,png,155,190,黑潮档案局图标与物品集.png,,d5de283b11d6a6a21de454b6b147c5d3c030b8db9c886c3976b0cc80a1c4daaa
assets/items/tile/png/item_28_recovery_node.webp,recovery_node,item_tile,assets/items/tile/png/item_28_recovery_node.webp,webp,155,190,黑潮档案局图标与物品集.png,,2cc576d84e02c4634611986545b5b7e6eedf2582b506404c08313269514ce3ab
assets/items/tile/png/item_29_boss_node.png,boss_node,item_tile,assets/items/tile/png/item_29_boss_node.png,png,155,190,黑潮档案局图标与物品集.png,,62b387d02236bd6dc39172fb723dcaee02890f2285d031fae3445b3d46a337c3
assets/items/tile/png/item_29_boss_node.webp,boss_node,item_tile,assets/items/tile/png/item_29_boss_node.webp,webp,155,190,黑潮档案局图标与物品集.png,,b2a9dddf236896e88a7f07c3f1c041f8df82879647519feaf07743cef8d04db1
assets/items/tile/png/item_30_retreat_node.png,retreat_node,item_tile,assets/items/tile/png/item_30_retreat_node.png,png,155,190,黑潮档案局图标与物品集.png,,c8018843f8cc609b97d7f16dcb2a5364689912061cc988e2cbd92a995dc7e3f9
assets/items/tile/png/item_30_retreat_node.webp,retreat_node,item_tile,assets/items/tile/png/item_30_retreat_node.webp,webp,155,190,黑潮档案局图标与物品集.png,,31007f4ee7be5ba92035d6d9f59c7bf3841fa7018fa87fc83e337089e3fc28f0
assets/items/tile/png/item_31_unknown_node.png,unknown_node,item_tile,assets/items/tile/png/item_31_unknown_node.png,png,155,190,黑潮档案局图标与物品集.png,,b05d579c0666c5881a46625455cfa49c5f58ef3560ef71043bab8ab8621f4894
assets/items/tile/png/item_31_unknown_node.webp,unknown_node,item_tile,assets/items/tile/png/item_31_unknown_node.webp,webp,155,190,黑潮档案局图标与物品集.png,,5fe591202e26299598594dc3472a3ec4d2a80ee3ad158b58a28f1bcd31855a6f
assets/items/tile/png/item_32_secret_route.png,secret_route,item_tile,assets/items/tile/png/item_32_secret_route.png,png,155,190,黑潮档案局图标与物品集.png,,7c1349f62c8117263f861145cabd98547ab1f7c0e033e54f9b4e29c39ae44a39
assets/items/tile/png/item_32_secret_route.webp,secret_route,item_tile,assets/items/tile/png/item_32_secret_route.webp,webp,155,190,黑潮档案局图标与物品集.png,,8fc7ac858fbc8da74be6fe0eb8915c867cd7eaf3dd86ffded650059f04d952b5
assets/items/tile/png/item_33_start_active.png,start_active,item_tile,assets/items/tile/png/item_33_start_active.png,png,155,190,黑潮档案局图标与物品集.png,,c823542c661ed8c739d16798c1a7f04f4772371e50dcb1f744ae418b79e79fd2
assets/items/tile/png/item_33_start_active.webp,start_active,item_tile,assets/items/tile/png/item_33_start_active.webp,webp,155,190,黑潮档案局图标与物品集.png,,b9fa9da5354022329737af04d08abf7a6609d85c0ed08fee150a1b093083407a
assets/items/tile/png/item_34_branch_active.png,branch_active,item_tile,assets/items/tile/png/item_34_branch_active.png,png,155,190,黑潮档案局图标与物品集.png,,6ffde386143f0f53b1ccc68a4b21b06d459a7656514600b9e9e79b3bfe643a2b
assets/items/tile/png/item_34_branch_active.webp,branch_active,item_tile,assets/items/tile/png/item_34_branch_active.webp,webp,155,190,黑潮档案局图标与物品集.png,,8f93aad28c2e8bea125077905b6acb99c67383b18b30ae94a970962a7b5da1b8
assets/items/tile/png/item_35_combat_active.png,combat_active,item_tile,assets/items/tile/png/item_35_combat_active.png,png,155,190,黑潮档案局图标与物品集.png,,889263159ee190ecf87910de3fa4a8d18816d7573f591e92cd0b3592be9e6919
assets/items/tile/png/item_35_combat_active.webp,combat_active,item_tile,assets/items/tile/png/item_35_combat_active.webp,webp,155,190,黑潮档案局图标与物品集.png,,56a97a4997718924e1db2e6def6f1abe68c57b49925c02d1682664827aebaddb
assets/items/tile/png/item_36_event_active.png,event_active,item_tile,assets/items/tile/png/item_36_event_active.png,png,155,190,黑潮档案局图标与物品集.png,,9ae9e1398587d69333ce623401797508b8e04f294841c77450d194c13250fea3
assets/items/tile/png/item_36_event_active.webp,event_active,item_tile,assets/items/tile/png/item_36_event_active.webp,webp,155,190,黑潮档案局图标与物品集.png,,3093f9ba4598ce8c575fd1405fcbf9c6f1ec5e750ce10245609e128a89a01c2c
assets/items/tile/png/item_37_recovery_active.png,recovery_active,item_tile,assets/items/tile/png/item_37_recovery_active.png,png,155,190,黑潮档案局图标与物品集.png,,d47b068b01eb8b7f2c6f154add2a2145cc1a2c40c0b0218797eadb719a2cdfd8
assets/items/tile/png/item_37_recovery_active.webp,recovery_active,item_tile,assets/items/tile/png/item_37_recovery_active.webp,webp,155,190,黑潮档案局图标与物品集.png,,eed8b1f5f71ff747f885a37b86ceb02a0051517ad685f816aeff693a82222e90
assets/items/tile/png/item_38_boss_active.png,boss_active,item_tile,assets/items/tile/png/item_38_boss_active.png,png,155,190,黑潮档案局图标与物品集.png,,83e3983249761017b49e0c6ddebd6f103cabffa2c5d69b96724c17ced0dfe317
assets/items/tile/png/item_38_boss_active.webp,boss_active,item_tile,assets/items/tile/png/item_38_boss_active.webp,webp,155,190,黑潮档案局图标与物品集.png,,4b59921bb96f70ab495dcb9eb227f378951bf92e4f3ef929e7145547eac87d29
assets/items/tile/png/item_39_retreat_active.png,retreat_active,item_tile,assets/items/tile/png/item_39_retreat_active.png,png,155,190,黑潮档案局图标与物品集.png,,8921755a892563f841efc525d28bddb637cb1c82ec7b0bcd059a6e9bca86d746
assets/items/tile/png/item_39_retreat_active.webp,retreat_active,item_tile,assets/items/tile/png/item_39_retreat_active.webp,webp,155,190,黑潮档案局图标与物品集.png,,eebba5d77e120fb68b50e724f73e1927df2719365029b5c0890f6de5d0aff649
assets/items/tile/png/item_40_secret_route_active.png,secret_route_active,item_tile,assets/items/tile/png/item_40_secret_route_active.png,png,155,190,黑潮档案局图标与物品集.png,,92f4f2cccb00e13b2c53ac5b440407b69008f560d82099d3a850a7729d50cb3a
assets/items/tile/png/item_40_secret_route_active.webp,secret_route_active,item_tile,assets/items/tile/png/item_40_secret_route_active.webp,webp,155,190,黑潮档案局图标与物品集.png,,2dc8c359f39855f0e5b190b4c15fa3d0a6dbf5463a983e1e99fb7734da184c86
assets/vfx/tile/png/vfx_01_contamination_aura.png,contamination_aura,vfx_tile,assets/vfx/tile/png/vfx_01_contamination_aura.png,png,300,180,黑潮档案局视觉效果素材表.png,,5d894f9e41a4801fed879eb5f6a4ce4962f8e36e353545ce5e9aec169a06c6e6
assets/vfx/tile/png/vfx_01_contamination_aura.webp,contamination_aura,vfx_tile,assets/vfx/tile/png/vfx_01_contamination_aura.webp,webp,300,180,黑潮档案局视觉效果素材表.png,,da78f332af1c67c07098b07085a56ba55aef579927b5f449e0293b2c45a2a5d0
assets/vfx/tile/png/vfx_02_dream_ripple.png,dream_ripple,vfx_tile,assets/vfx/tile/png/vfx_02_dream_ripple.png,png,300,180,黑潮档案局视觉效果素材表.png,,76494b3cec8666379b7e374eb6674a87fedcac42f1d504c8cd16feb51ba220d1
assets/vfx/tile/png/vfx_02_dream_ripple.webp,dream_ripple,vfx_tile,assets/vfx/tile/png/vfx_02_dream_ripple.webp,webp,300,180,黑潮档案局视觉效果素材表.png,,79effc8bb0bd1a23bf9a54ebc0eb437b290fe8ae635851d05ff2e3b9b8ecc99f
assets/vfx/tile/png/vfx_03_old_god_whisper_sigil.png,old_god_whisper_sigil,vfx_tile,assets/vfx/tile/png/vfx_03_old_god_whisper_sigil.png,png,300,180,黑潮档案局视觉效果素材表.png,,b2bb8e67379ecd7b6cf7177fb3ec7bb91b2faf7c211f84800b85313a39df4b16
assets/vfx/tile/png/vfx_03_old_god_whisper_sigil.webp,old_god_whisper_sigil,vfx_tile,assets/vfx/tile/png/vfx_03_old_god_whisper_sigil.webp,webp,300,180,黑潮档案局视觉效果素材表.png,,d48b323ee3bcb583139a4968aeba3d757ef482dc2949d961c4bb11f7441346d8
assets/vfx/tile/png/vfx_04_ritual_magic_circle.png,ritual_magic_circle,vfx_tile,assets/vfx/tile/png/vfx_04_ritual_magic_circle.png,png,300,180,黑潮档案局视觉效果素材表.png,,eeb3d384f24712817c31679b4211fd123c88f98ea409d14516afc879cdfdcbe2
assets/vfx/tile/png/vfx_04_ritual_magic_circle.webp,ritual_magic_circle,vfx_tile,assets/vfx/tile/png/vfx_04_ritual_magic_circle.webp,webp,300,180,黑潮档案局视觉效果素材表.png,,b97f08780e62062b8f23d5b02c39def43f9f353fed4b5d421ec5be5df40133b2
assets/vfx/tile/png/vfx_05_deep_sea_water_ring.png,deep_sea_water_ring,vfx_tile,assets/vfx/tile/png/vfx_05_deep_sea_water_ring.png,png,300,180,黑潮档案局视觉效果素材表.png,,9cb5cf4edfeb1fb6e1022295e535fc3d972101a86fde96a1c80d37dee1f45707
assets/vfx/tile/png/vfx_05_deep_sea_water_ring.webp,deep_sea_water_ring,vfx_tile,assets/vfx/tile/png/vfx_05_deep_sea_water_ring.webp,webp,300,180,黑潮档案局视觉效果素材表.png,,a6c587743a57dcf68e92fab7e1410f036d3611c59650ef35948aebb2eafd3812
assets/vfx/tile/png/vfx_06_warning_flare.png,warning_flare,vfx_tile,assets/vfx/tile/png/vfx_06_warning_flare.png,png,300,210,黑潮档案局视觉效果素材表.png,,5caca9982d94ea864c954a8305e6a9b95d697bce52beb5c7a02c8905bce021ef
assets/vfx/tile/png/vfx_06_warning_flare.webp,warning_flare,vfx_tile,assets/vfx/tile/png/vfx_06_warning_flare.webp,webp,300,210,黑潮档案局视觉效果素材表.png,,74996278a1048464999a57586f421d26139ef1855838bd240e50c3d86c6810b5
assets/vfx/tile/png/vfx_07_red_corruption_pulse.png,red_corruption_pulse,vfx_tile,assets/vfx/tile/png/vfx_07_red_corruption_pulse.png,png,300,210,黑潮档案局视觉效果素材表.png,,a13eb9232a0748138003a4f22bdf42148acb6f641255f0e7b6f3baf692c2b20c
assets/vfx/tile/png/vfx_07_red_corruption_pulse.webp,red_corruption_pulse,vfx_tile,assets/vfx/tile/png/vfx_07_red_corruption_pulse.webp,webp,300,210,黑潮档案局视觉效果素材表.png,,4a8f89437bf371ed521514a75cdd24599be30b4c006eae10231aed67d16fc3c0
assets/vfx/tile/png/vfx_08_teal_containment_pulse.png,teal_containment_pulse,vfx_tile,assets/vfx/tile/png/vfx_08_teal_containment_pulse.png,png,300,210,黑潮档案局视觉效果素材表.png,,3140303934f785770941b3c54546e625e22413ea75e6e4ec056c9e2102f1eb9a
assets/vfx/tile/png/vfx_08_teal_containment_pulse.webp,teal_containment_pulse,vfx_tile,assets/vfx/tile/png/vfx_08_teal_containment_pulse.webp,webp,300,210,黑潮档案局视觉效果素材表.png,,9318475adc6b2a3b7dda9ef8ef39d0139993044f233b476ac77db8c41f1807a4
assets/vfx/tile/png/vfx_09_golden_occult_seal.png,golden_occult_seal,vfx_tile,assets/vfx/tile/png/vfx_09_golden_occult_seal.png,png,300,210,黑潮档案局视觉效果素材表.png,,811624132c8ea01475907451ca865af7830a2df00e4f2351a1f659b74e1de5d6
assets/vfx/tile/png/vfx_09_golden_occult_seal.webp,golden_occult_seal,vfx_tile,assets/vfx/tile/png/vfx_09_golden_occult_seal.webp,webp,300,210,黑潮档案局视觉效果素材表.png,,c2eb38a77e83044720f0aa6625ac20a6f6c51a40a43bdad17f82d0fb86929fca
assets/vfx/tile/png/vfx_10_archive_stamp_marks.png,archive_stamp_marks,vfx_tile,assets/vfx/tile/png/vfx_10_archive_stamp_marks.png,png,300,210,黑潮档案局视觉效果素材表.png,,db400b29edf7762fcff8c61b339769670954d20e7c7c3ebc683aa41e4425d5c0
assets/vfx/tile/png/vfx_10_archive_stamp_marks.webp,archive_stamp_marks,vfx_tile,assets/vfx/tile/png/vfx_10_archive_stamp_marks.webp,webp,300,210,黑潮档案局视觉效果素材表.png,,50d610430e1122942bce36684bb2321bd461f489e8ff6af29f47d42f54034a98
assets/ui/textures/png/texture_01_paper.png,paper,texture,assets/ui/textures/png/texture_01_paper.png,png,256,256,黑潮档案局视觉效果素材表.png,,417093d607f05941af509360f043a50c085ba2adcddbc11c065689061021fa91
assets/ui/textures/png/texture_01_paper.webp,paper,texture,assets/ui/textures/png/texture_01_paper.webp,webp,256,256,黑潮档案局视觉效果素材表.png,,72beb75f5836106c271c35e50a74a6023df2e444239f888e6253affb1e8aa70a
assets/ui/textures/png/texture_02_dark_metal.png,dark_metal,texture,assets/ui/textures/png/texture_02_dark_metal.png,png,256,256,黑潮档案局视觉效果素材表.png,,c3c9724649b45d70bbb819d9ef4879926b6dcc922e0eff87b45ae28c3d465e22
assets/ui/textures/png/texture_02_dark_metal.webp,dark_metal,texture,assets/ui/textures/png/texture_02_dark_metal.webp,webp,256,256,黑潮档案局视觉效果素材表.png,,76cc61b14e3f4c5ac968de7248d9287d335aa0538aa21078ecd2905f36d9dcca
assets/ui/textures/png/texture_03_wet_stone.png,wet_stone,texture,assets/ui/textures/png/texture_03_wet_stone.png,png,256,256,黑潮档案局视觉效果素材表.png,,c641c9a0ea2744b0b7241372d4b7abc355daefb516861bbf00e2c7d9fd74b8b7
assets/ui/textures/png/texture_03_wet_stone.webp,wet_stone,texture,assets/ui/textures/png/texture_03_wet_stone.webp,webp,256,256,黑潮档案局视觉效果素材表.png,,2c4b9d0218d1c4020f82f12d46e79dd5aeb01119c760eba0bd2a96f7fb925d2d
assets/ui/textures/png/texture_04_worn_cloth.png,worn_cloth,texture,assets/ui/textures/png/texture_04_worn_cloth.png,png,256,256,黑潮档案局视觉效果素材表.png,,617da85456c18ffd263f4d4206d2ae4567603cffd57a8ebd67dfb17875c48999
assets/ui/textures/png/texture_04_worn_cloth.webp,worn_cloth,texture,assets/ui/textures/png/texture_04_worn_cloth.webp,webp,256,256,黑潮档案局视觉效果素材表.png,,9197b08504efe7af45a87709be7cf1f491867e741422eb8eca2613af525b1470
assets/ui/svg/icons/containment.svg,containment,svg_icon,assets/ui/svg/icons/containment.svg,svg,24,24,programmatic,clean vector icon,7805d292cd407023f980dae7fc1b8b260129447c1603a04b34c7f1606e603fe6
assets/ui/svg/icons/mission.svg,mission,svg_icon,assets/ui/svg/icons/mission.svg,svg,24,24,programmatic,clean vector icon,18453d1dc90aeb1a34914f6f60c556a42b1e598ee11be1c1cd56d1ca7422f446
assets/ui/svg/icons/investigator.svg,investigator,svg_icon,assets/ui/svg/icons/investigator.svg,svg,24,24,programmatic,clean vector icon,5c53ac9cb46cc8962d3d3a670923a52eb22f5a11640e39c13efa0f77678184b2
assets/ui/svg/icons/anomaly.svg,anomaly,svg_icon,assets/ui/svg/icons/anomaly.svg,svg,24,24,programmatic,clean vector icon,bb594a18b9954f3bb614f59012a41888f2d35e191039fc23557b96ad1365a7e7
assets/ui/svg/icons/research.svg,research,svg_icon,assets/ui/svg/icons/research.svg,svg,24,24,programmatic,clean vector icon,8da759581bdb5ad5b1bcbf0e06d2ae959c04c98188054d0faf0906cc2eb0ae7f
assets/ui/svg/icons/archive.svg,archive,svg_icon,assets/ui/svg/icons/archive.svg,svg,24,24,programmatic,clean vector icon,75f145c2ee5aba6b5e1d78fe994b9c6920c4f5595c92a0b1c4c5158e517c9649
assets/ui/svg/icons/warning.svg,warning,svg_icon,assets/ui/svg/icons/warning.svg,svg,24,24,programmatic,clean vector icon,05c5d56ab08063f3cb41eff36a58f90b034595e45c1cbef74a751e7e689dc81b
assets/ui/svg/icons/sanity.svg,sanity,svg_icon,assets/ui/svg/icons/sanity.svg,svg,24,24,programmatic,clean vector icon,6e9167a675869a2679fc6ce2f19a2ecb6e2237be902fe76691fb9a31dd88beb5
assets/ui/svg/icons/pollution.svg,pollution,svg_icon,assets/ui/svg/icons/pollution.svg,svg,24,24,programmatic,clean vector icon,3ca203f03e6688c01d2342c153275b48a6c0564c46fd00a78df5f2ed704a0dc1
assets/ui/svg/icons/route.svg,route,svg_icon,assets/ui/svg/icons/route.svg,svg,24,24,programmatic,clean vector icon,6409d37abcd3ccae69f01be2029ce4172639badff21f535510231c950becfe27
assets/ui/svg/icons/ritual.svg,ritual,svg_icon,assets/ui/svg/icons/ritual.svg,svg,24,24,programmatic,clean vector icon,0c209be9524bd49af6f286c6503bee07298b03af32d7fb63a7fc176a95979532
assets/ui/svg/icons/gear.svg,gear,svg_icon,assets/ui/svg/icons/gear.svg,svg,24,24,programmatic,clean vector icon,cb9602dc9f2f2f4c527771f9dbd46abbf7700bef2f4c0158036b1fe47ae42853
assets/ui/svg/frames/panel_frame.svg,panel_frame,svg_frame,assets/ui/svg/frames/panel_frame.svg,svg,320,180,programmatic,resizable SVG frame,89da064631c556e6498762d03f77aa79e92c3691f3c0ead27b0b4e4382418be4
assets/ui/svg/frames/paper_card.svg,paper_card,svg_frame,assets/ui/svg/frames/paper_card.svg,svg,320,180,programmatic,resizable SVG frame,a4d39c3461c32dffa7ea45c54d6006056ce7eb9d4373ba0129daf517f258f1bf
assets/ui/svg/frames/anomaly_card_frame.svg,anomaly_card_frame,svg_frame,assets/ui/svg/frames/anomaly_card_frame.svg,svg,320,180,programmatic,resizable SVG frame,5f8a388e28dbefbcfa4dc4f4eb96edd88676eaf293934949962779396b7b3132
assets/ui/svg/frames/button_frame.svg,button_frame,svg_frame,assets/ui/svg/frames/button_frame.svg,svg,320,180,programmatic,resizable SVG frame,3be6a0b9732b0962e25d27758ffbc16df5bfefaeecbd32d566afaea35c0c3401
styles/design-tokens.css,design tokens,css,styles/design-tokens.css,css,0,0,programmatic,web CSS variables and basic classes,8977fd79e18b4645e9dbc40357471c05447c4c41ece6226a4e9f5675e8583e0e
